,城,省份,比例,具体人数,
0,孝感,湖北省,10.94,16961,20200110
1,黄冈,湖北省,10.52,16310,20200110
2,荆州,湖北省,5.74,8899,20200110
3,咸宁,湖北省,5.22,8093,20200110
4,鄂州,湖北省,4.12,6388,20200110
5,襄阳,湖北省,4.12,6388,20200110
6,黄石,湖北省,3.42,5302,20200110
7,宜昌,湖北省,3.08,4775,20200110
8,荆门,湖北省,2.85,4419,20200110
9,随州,湖北省,2.52,3907,20200110
10,仙桃,湖北省,2.38,3690,20200110
11,恩施州,湖北省,2.12,3287,20200110
12,十堰,湖北省,2.02,3132,20200110
13,长沙,湖南省,1.69,2620,20200110
14,北京,北京,1.63,2527,20200110
15,重庆,重庆,1.48,2295,20200110
16,天门,湖北省,1.47,2279,20200110
17,上海,上海,1.18,1829,20200110
18,信阳,河南省,1.18,1829,20200110
19,潜江,湖北省,1.1,1705,20200110
20,郑州,河南省,0.9,1395,20200110
21,广州,广东省,0.85,1318,20200110
22,深圳,广东省,0.76,1178,20200110
23,成都,四川省,0.71,1101,20200110
24,合肥,安徽省,0.67,1039,20200110
25,南京,江苏省,0.6,930,20200110
26,驻马店,河南省,0.59,915,20200110
27,南阳,河南省,0.57,884,20200110
28,南昌,江西省,0.56,868,20200110
29,九江,江西省,0.53,822,20200110
30,西安,陕西省,0.52,806,20200110
31,岳阳,湖南省,0.49,760,20200110
32,杭州,浙江省,0.44,682,20200110
33,周口,河南省,0.36,558,20200110
34,安庆,安徽省,0.35,543,20200110
35,昆明,云南省,0.35,543,20200110
36,苏州,江苏省,0.35,543,20200110
37,南宁,广西壮族自治区,0.31,481,20200110
38,阜阳,安徽省,0.31,481,20200110
39,天津,天津,0.29,450,20200110
40,石家庄,河北省,0.29,450,20200110
41,贵阳,贵州省,0.26,403,20200110
42,东莞,广东省,0.25,388,20200110
43,六安,安徽省,0.25,388,20200110
44,常德,湖南省,0.24,372,20200110
45,厦门,福建省,0.24,372,20200110
46,温州,浙江省,0.22,341,20200110
47,福州,福建省,0.22,341,20200110
48,宁波,浙江省,0.22,341,20200110
49,衡阳,湖南省,0.21,326,20200110
50,邯郸,河北省,0.21,326,20200110
51,株洲,湖南省,0.21,326,20200110
52,太原,山西省,0.21,326,20200110
53,无锡,江苏省,0.21,326,20200110
54,洛阳,河南省,0.2,310,20200110
55,商丘,河南省,0.2,310,20200110
56,宜春,江西省,0.2,310,20200110
57,济南,山东省,0.2,310,20200110
58,青岛,山东省,0.19,295,20200110
59,佛山,广东省,0.19,295,20200110
60,赣州,江西省,0.18,279,20200110
61,哈尔滨,黑龙江省,0.18,279,20200110
62,上饶,江西省,0.18,279,20200110
63,桂林,广西壮族自治区,0.18,279,20200110
64,徐州,江苏省,0.18,279,20200110
65,金华,浙江省,0.17,264,20200110
66,泉州,福建省,0.17,264,20200110
67,兰州,甘肃省,0.17,264,20200110
68,海口,海南省,0.17,264,20200110
69,菏泽,山东省,0.17,264,20200110
70,吉安,江西省,0.16,248,20200110
71,南通,江苏省,0.16,248,20200110
72,漯河,河南省,0.16,248,20200110
73,乌鲁木齐,新疆维吾尔自治区,0.16,248,20200110
74,许昌,河南省,0.16,248,20200110
75,邵阳,湖南省,0.15,233,20200110
76,新乡,河南省,0.15,233,20200110
77,遵义,贵州省,0.15,233,20200110
78,三亚,海南省,0.15,233,20200110
79,保定,河北省,0.15,233,20200110
80,抚州,江西省,0.15,233,20200110
81,珠海,广东省,0.15,233,20200110
82,常州,江苏省,0.14,217,20200110
83,铜仁,贵州省,0.14,217,20200110
84,安阳,河南省,0.13,202,20200110
85,平顶山,河南省,0.13,202,20200110
86,娄底,湖南省,0.13,202,20200110
87,邢台,河北省,0.13,202,20200110
88,沈阳,辽宁省,0.13,202,20200110
89,柳州,广西壮族自治区,0.13,202,20200110
90,临沂,山东省,0.13,202,20200110
91,惠州,广东省,0.12,186,20200110
92,芜湖,安徽省,0.12,186,20200110
93,开封,河南省,0.12,186,20200110
94,黔东南州,贵州省,0.12,186,20200110
95,台州,浙江省,0.12,186,20200110
96,怀化,湖南省,0.12,186,20200110
97,大连,辽宁省,0.12,186,20200110
98,湘潭,湖南省,0.11,171,20200110
99,潍坊,山东省,0.11,171,20200110
0,孝感,湖北省,13,23017,20200111
1,黄冈,湖北省,11.75,20804,20200111
2,咸宁,湖北省,5.95,10535,20200111
3,荆州,湖北省,5.91,10464,20200111
4,鄂州,湖北省,4.53,8021,20200111
5,襄阳,湖北省,3.92,6941,20200111
6,黄石,湖北省,3.81,6746,20200111
7,宜昌,湖北省,3.24,5737,20200111
8,荆门,湖北省,2.95,5223,20200111
9,仙桃,湖北省,2.81,4975,20200111
10,随州,湖北省,2.71,4798,20200111
11,恩施州,湖北省,1.92,3399,20200111
12,十堰,湖北省,1.85,3276,20200111
13,天门,湖北省,1.76,3116,20200111
14,长沙,湖南省,1.55,2744,20200111
15,信阳,河南省,1.25,2213,20200111
16,重庆,重庆,1.2,2125,20200111
17,北京,北京,1.16,2054,20200111
18,潜江,湖北省,1.14,2018,20200111
19,上海,上海,0.97,1717,20200111
20,郑州,河南省,0.81,1434,20200111
21,成都,四川省,0.64,1133,20200111
22,九江,江西省,0.64,1133,20200111
23,深圳,广东省,0.62,1098,20200111
24,广州,广东省,0.62,1098,20200111
25,合肥,安徽省,0.57,1009,20200111
26,岳阳,湖南省,0.5,885,20200111
27,南昌,江西省,0.49,868,20200111
28,驻马店,河南省,0.46,814,20200111
29,南阳,河南省,0.46,814,20200111
30,南京,江苏省,0.45,797,20200111
31,安庆,安徽省,0.44,779,20200111
32,西安,陕西省,0.43,761,20200111
33,杭州,浙江省,0.39,691,20200111
34,昆明,云南省,0.32,567,20200111
35,周口,河南省,0.3,531,20200111
36,苏州,江苏省,0.29,513,20200111
37,南宁,广西壮族自治区,0.29,513,20200111
38,洛阳,河南省,0.25,443,20200111
39,阜阳,安徽省,0.25,443,20200111
40,常德,湖南省,0.24,425,20200111
41,石家庄,河北省,0.23,407,20200111
42,天津,天津,0.22,390,20200111
43,六安,安徽省,0.22,390,20200111
44,衡阳,湖南省,0.22,390,20200111
45,贵阳,贵州省,0.21,372,20200111
46,商丘,河南省,0.2,354,20200111
47,福州,福建省,0.19,336,20200111
48,株洲,湖南省,0.19,336,20200111
49,哈尔滨,黑龙江省,0.19,336,20200111
50,无锡,江苏省,0.19,336,20200111
51,宜春,江西省,0.19,336,20200111
52,温州,浙江省,0.18,319,20200111
53,厦门,福建省,0.18,319,20200111
54,东莞,广东省,0.17,301,20200111
55,漯河,河南省,0.17,301,20200111
56,宁波,浙江省,0.17,301,20200111
57,佛山,广东省,0.17,301,20200111
58,泉州,福建省,0.17,301,20200111
59,平顶山,河南省,0.16,283,20200111
60,抚州,江西省,0.16,283,20200111
61,邯郸,河北省,0.16,283,20200111
62,上饶,江西省,0.16,283,20200111
63,新乡,河南省,0.16,283,20200111
64,赣州,江西省,0.15,266,20200111
65,海口,海南省,0.15,266,20200111
66,桂林,广西壮族自治区,0.15,266,20200111
67,乌鲁木齐,新疆维吾尔自治区,0.14,248,20200111
68,太原,山西省,0.14,248,20200111
69,济南,山东省,0.14,248,20200111
70,邵阳,湖南省,0.13,230,20200111
71,金华,浙江省,0.13,230,20200111
72,安阳,河南省,0.13,230,20200111
73,常州,江苏省,0.13,230,20200111
74,许昌,河南省,0.13,230,20200111
75,徐州,江苏省,0.13,230,20200111
76,菏泽,山东省,0.13,230,20200111
77,青岛,山东省,0.13,230,20200111
78,兰州,甘肃省,0.12,212,20200111
79,保定,河北省,0.12,212,20200111
80,吉安,江西省,0.12,212,20200111
81,南通,江苏省,0.12,212,20200111
82,遵义,贵州省,0.11,195,20200111
83,开封,河南省,0.11,195,20200111
84,沈阳,辽宁省,0.11,195,20200111
85,台州,浙江省,0.11,195,20200111
86,益阳,湖南省,0.11,195,20200111
87,邢台,河北省,0.11,195,20200111
88,湘潭,湖南省,0.11,195,20200111
89,神农架林区,湖北省,0.11,195,20200111
90,珠海,广东省,0.1,177,20200111
91,芜湖,安徽省,0.1,177,20200111
92,柳州,广西壮族自治区,0.1,177,20200111
93,永州,湖南省,0.1,177,20200111
94,三亚,海南省,0.1,177,20200111
95,惠州,广东省,0.1,177,20200111
96,绍兴,浙江省,0.1,177,20200111
97,大连,辽宁省,0.1,177,20200111
98,扬州,江苏省,0.09,159,20200111
99,嘉兴,浙江省,0.09,159,20200111
0,孝感,湖北省,13.47,19622,20200112
1,黄冈,湖北省,11.19,16301,20200112
2,荆州,湖北省,5.74,8362,20200112
3,咸宁,湖北省,5.32,7750,20200112
4,鄂州,湖北省,4.83,7036,20200112
5,黄石,湖北省,3.74,5448,20200112
6,襄阳,湖北省,3.66,5332,20200112
7,仙桃,湖北省,2.8,4079,20200112
8,宜昌,湖北省,2.76,4021,20200112
9,荆门,湖北省,2.72,3962,20200112
10,随州,湖北省,2.65,3860,20200112
11,恩施州,湖北省,2.11,3074,20200112
12,天门,湖北省,2.01,2928,20200112
13,十堰,湖北省,1.88,2739,20200112
14,长沙,湖南省,1.34,1952,20200112
15,重庆,重庆,1.34,1952,20200112
16,潜江,湖北省,1.28,1865,20200112
17,北京,北京,1.21,1763,20200112
18,信阳,河南省,1.12,1632,20200112
19,上海,上海,0.85,1238,20200112
20,郑州,河南省,0.79,1151,20200112
21,成都,四川省,0.73,1063,20200112
22,深圳,广东省,0.61,889,20200112
23,广州,广东省,0.61,889,20200112
24,南阳,河南省,0.55,801,20200112
25,驻马店,河南省,0.51,743,20200112
26,合肥,安徽省,0.49,714,20200112
27,岳阳,湖南省,0.49,714,20200112
28,南昌,江西省,0.48,699,20200112
29,九江,江西省,0.47,685,20200112
30,西安,陕西省,0.43,626,20200112
31,南京,江苏省,0.4,583,20200112
32,南宁,广西壮族自治区,0.36,524,20200112
33,安庆,安徽省,0.33,481,20200112
34,昆明,云南省,0.32,466,20200112
35,周口,河南省,0.32,466,20200112
36,杭州,浙江省,0.32,466,20200112
37,阜阳,安徽省,0.28,408,20200112
38,苏州,江苏省,0.26,379,20200112
39,常德,湖南省,0.25,364,20200112
40,六安,安徽省,0.24,350,20200112
41,福州,福建省,0.24,350,20200112
42,洛阳,河南省,0.23,335,20200112
43,衡阳,湖南省,0.22,320,20200112
44,石家庄,河北省,0.22,320,20200112
45,天津,天津,0.22,320,20200112
46,哈尔滨,黑龙江省,0.22,320,20200112
47,贵阳,贵州省,0.21,306,20200112
48,商丘,河南省,0.2,291,20200112
49,东莞,广东省,0.19,277,20200112
50,泉州,福建省,0.19,277,20200112
51,宜春,江西省,0.19,277,20200112
52,宁波,浙江省,0.18,262,20200112
53,厦门,福建省,0.18,262,20200112
54,邯郸,河北省,0.17,248,20200112
55,桂林,广西壮族自治区,0.17,248,20200112
56,温州,浙江省,0.17,248,20200112
57,株洲,湖南省,0.17,248,20200112
58,济南,山东省,0.17,248,20200112
59,太原,山西省,0.17,248,20200112
60,赣州,江西省,0.16,233,20200112
61,上饶,江西省,0.16,233,20200112
62,漯河,河南省,0.16,233,20200112
63,新乡,河南省,0.16,233,20200112
64,海口,海南省,0.16,233,20200112
65,佛山,广东省,0.16,233,20200112
66,乌鲁木齐,新疆维吾尔自治区,0.16,233,20200112
67,青岛,山东省,0.16,233,20200112
68,抚州,江西省,0.16,233,20200112
69,兰州,甘肃省,0.15,219,20200112
70,金华,浙江省,0.15,219,20200112
71,徐州,江苏省,0.14,204,20200112
72,三亚,海南省,0.14,204,20200112
73,遵义,贵州省,0.14,204,20200112
74,许昌,河南省,0.14,204,20200112
75,平顶山,河南省,0.13,189,20200112
76,安阳,河南省,0.13,189,20200112
77,菏泽,山东省,0.13,189,20200112
78,邢台,河北省,0.13,189,20200112
79,无锡,江苏省,0.13,189,20200112
80,珠海,广东省,0.13,189,20200112
81,保定,河北省,0.13,189,20200112
82,神农架林区,湖北省,0.12,175,20200112
83,邵阳,湖南省,0.12,175,20200112
84,南通,江苏省,0.12,175,20200112
85,吉安,江西省,0.12,175,20200112
86,湘潭,湖南省,0.12,175,20200112
87,开封,河南省,0.12,175,20200112
88,沈阳,辽宁省,0.11,160,20200112
89,临沂,山东省,0.11,160,20200112
90,郴州,湖南省,0.11,160,20200112
91,台州,浙江省,0.11,160,20200112
92,达州,四川省,0.11,160,20200112
93,永州,湖南省,0.11,160,20200112
94,益阳,湖南省,0.11,160,20200112
95,玉林,广西壮族自治区,0.11,160,20200112
96,娄底,湖南省,0.1,146,20200112
97,嘉兴,浙江省,0.1,146,20200112
98,安康,陕西省,0.1,146,20200112
99,黔东南州,贵州省,0.1,146,20200112
0,孝感,湖北省,12.04,16242,20200113
1,黄冈,湖北省,11.39,15365,20200113
2,荆州,湖北省,5.8,7824,20200113
3,咸宁,湖北省,4.94,6664,20200113
4,鄂州,湖北省,4.77,6435,20200113
5,襄阳,湖北省,3.72,5018,20200113
6,黄石,湖北省,3.7,4991,20200113
7,荆门,湖北省,2.76,3723,20200113
8,宜昌,湖北省,2.76,3723,20200113
9,随州,湖北省,2.67,3602,20200113
10,仙桃,湖北省,2.66,3588,20200113
11,恩施州,湖北省,1.83,2469,20200113
12,天门,湖北省,1.77,2388,20200113
13,十堰,湖北省,1.76,2374,20200113
14,长沙,湖南省,1.56,2104,20200113
15,北京,北京,1.44,1943,20200113
16,重庆,重庆,1.33,1794,20200113
17,潜江,湖北省,1.18,1592,20200113
18,信阳,河南省,1.17,1578,20200113
19,上海,上海,1.12,1511,20200113
20,郑州,河南省,0.84,1133,20200113
21,深圳,广东省,0.71,958,20200113
22,广州,广东省,0.69,931,20200113
23,成都,四川省,0.67,904,20200113
24,南阳,河南省,0.61,823,20200113
25,南昌,江西省,0.6,809,20200113
26,合肥,安徽省,0.59,796,20200113
27,驻马店,河南省,0.59,796,20200113
28,九江,江西省,0.49,661,20200113
29,岳阳,湖南省,0.48,648,20200113
30,南京,江苏省,0.47,634,20200113
31,西安,陕西省,0.46,621,20200113
32,杭州,浙江省,0.43,580,20200113
33,周口,河南省,0.39,526,20200113
34,安庆,安徽省,0.37,499,20200113
35,昆明,云南省,0.34,459,20200113
36,阜阳,安徽省,0.31,418,20200113
37,南宁,广西壮族自治区,0.3,405,20200113
38,商丘,河南省,0.28,378,20200113
39,苏州,江苏省,0.27,364,20200113
40,衡阳,湖南省,0.24,324,20200113
41,洛阳,河南省,0.24,324,20200113
42,常德,湖南省,0.24,324,20200113
43,贵阳,贵州省,0.23,310,20200113
44,福州,福建省,0.22,297,20200113
45,天津,天津,0.22,297,20200113
46,石家庄,河北省,0.22,297,20200113
47,宜春,江西省,0.22,297,20200113
48,厦门,福建省,0.21,283,20200113
49,泉州,福建省,0.21,283,20200113
50,温州,浙江省,0.21,283,20200113
51,新乡,河南省,0.2,270,20200113
52,六安,安徽省,0.2,270,20200113
53,邯郸,河北省,0.2,270,20200113
54,赣州,江西省,0.19,256,20200113
55,哈尔滨,黑龙江省,0.19,256,20200113
56,东莞,广东省,0.18,243,20200113
57,株洲,湖南省,0.18,243,20200113
58,上饶,江西省,0.18,243,20200113
59,桂林,广西壮族自治区,0.18,243,20200113
60,抚州,江西省,0.18,243,20200113
61,青岛,山东省,0.17,229,20200113
62,太原,山西省,0.17,229,20200113
63,佛山,广东省,0.17,229,20200113
64,乌鲁木齐,新疆维吾尔自治区,0.17,229,20200113
65,遵义,贵州省,0.16,216,20200113
66,无锡,江苏省,0.16,216,20200113
67,宁波,浙江省,0.16,216,20200113
68,海口,海南省,0.15,202,20200113
69,兰州,甘肃省,0.15,202,20200113
70,漯河,河南省,0.15,202,20200113
71,许昌,河南省,0.15,202,20200113
72,邢台,河北省,0.15,202,20200113
73,济南,山东省,0.14,189,20200113
74,菏泽,山东省,0.14,189,20200113
75,吉安,江西省,0.14,189,20200113
76,娄底,湖南省,0.14,189,20200113
77,邵阳,湖南省,0.13,175,20200113
78,平顶山,河南省,0.13,175,20200113
79,金华,浙江省,0.13,175,20200113
80,柳州,广西壮族自治区,0.13,175,20200113
81,安阳,河南省,0.13,175,20200113
82,徐州,江苏省,0.12,162,20200113
83,南通,江苏省,0.12,162,20200113
84,沈阳,辽宁省,0.12,162,20200113
85,保定,河北省,0.12,162,20200113
86,永州,湖南省,0.12,162,20200113
87,长春,吉林省,0.11,148,20200113
88,湘潭,湖南省,0.11,148,20200113
89,台州,浙江省,0.11,148,20200113
90,怀化,湖南省,0.11,148,20200113
91,郴州,湖南省,0.11,148,20200113
92,开封,河南省,0.11,148,20200113
93,益阳,湖南省,0.11,148,20200113
94,达州,四川省,0.11,148,20200113
95,沧州,河北省,0.11,148,20200113
96,临沂,山东省,0.11,148,20200113
97,铜仁,贵州省,0.11,148,20200113
98,珠海,广东省,0.1,135,20200113
99,常州,江苏省,0.1,135,20200113
0,孝感,湖北省,12.61,16125,20200114
1,黄冈,湖北省,12.55,16048,20200114
2,荆州,湖北省,5.84,7468,20200114
3,咸宁,湖北省,4.97,6355,20200114
4,鄂州,湖北省,4.36,5575,20200114
5,黄石,湖北省,3.69,4719,20200114
6,襄阳,湖北省,3.68,4706,20200114
7,荆门,湖北省,2.73,3491,20200114
8,随州,湖北省,2.68,3427,20200114
9,仙桃,湖北省,2.59,3312,20200114
10,宜昌,湖北省,2.43,3107,20200114
11,天门,湖北省,1.95,2494,20200114
12,恩施州,湖北省,1.89,2417,20200114
13,十堰,湖北省,1.65,2110,20200114
14,长沙,湖南省,1.47,1880,20200114
15,重庆,重庆,1.43,1829,20200114
16,北京,北京,1.42,1816,20200114
17,信阳,河南省,1.42,1816,20200114
18,潜江,湖北省,1.04,1330,20200114
19,上海,上海,1.04,1330,20200114
20,郑州,河南省,0.83,1061,20200114
21,驻马店,河南省,0.67,857,20200114
22,广州,广东省,0.62,793,20200114
23,成都,四川省,0.6,767,20200114
24,南昌,江西省,0.59,754,20200114
25,深圳,广东省,0.58,742,20200114
26,南阳,河南省,0.57,729,20200114
27,合肥,安徽省,0.56,716,20200114
28,九江,江西省,0.54,691,20200114
29,岳阳,湖南省,0.52,665,20200114
30,周口,河南省,0.46,588,20200114
31,南京,江苏省,0.45,575,20200114
32,安庆,安徽省,0.45,575,20200114
33,西安,陕西省,0.42,537,20200114
34,杭州,浙江省,0.38,486,20200114
35,阜阳,安徽省,0.37,473,20200114
36,商丘,河南省,0.33,422,20200114
37,衡阳,湖南省,0.27,345,20200114
38,南宁,广西壮族自治区,0.27,345,20200114
39,昆明,云南省,0.26,332,20200114
40,宜春,江西省,0.25,320,20200114
41,常德,湖南省,0.25,320,20200114
42,苏州,江苏省,0.24,307,20200114
43,福州,福建省,0.22,281,20200114
44,厦门,福建省,0.22,281,20200114
45,六安,安徽省,0.22,281,20200114
46,泉州,福建省,0.22,281,20200114
47,贵阳,贵州省,0.21,269,20200114
48,株洲,湖南省,0.21,269,20200114
49,石家庄,河北省,0.19,243,20200114
50,洛阳,河南省,0.19,243,20200114
51,温州,浙江省,0.19,243,20200114
52,邯郸,河北省,0.18,230,20200114
53,娄底,湖南省,0.18,230,20200114
54,抚州,江西省,0.18,230,20200114
55,青岛,山东省,0.18,230,20200114
56,新乡,河南省,0.17,217,20200114
57,上饶,江西省,0.17,217,20200114
58,天津,天津,0.17,217,20200114
59,哈尔滨,黑龙江省,0.17,217,20200114
60,邵阳,湖南省,0.16,205,20200114
61,乌鲁木齐,新疆维吾尔自治区,0.16,205,20200114
62,平顶山,河南省,0.16,205,20200114
63,太原,山西省,0.16,205,20200114
64,东莞,广东省,0.16,205,20200114
65,南通,江苏省,0.16,205,20200114
66,漯河,河南省,0.15,192,20200114
67,佛山,广东省,0.15,192,20200114
68,兰州,甘肃省,0.15,192,20200114
69,桂林,广西壮族自治区,0.15,192,20200114
70,赣州,江西省,0.15,192,20200114
71,无锡,江苏省,0.15,192,20200114
72,许昌,河南省,0.15,192,20200114
73,徐州,江苏省,0.15,192,20200114
74,菏泽,山东省,0.15,192,20200114
75,安阳,河南省,0.15,192,20200114
76,开封,河南省,0.14,179,20200114
77,海口,海南省,0.14,179,20200114
78,达州,四川省,0.14,179,20200114
79,宁波,浙江省,0.14,179,20200114
80,邢台,河北省,0.13,166,20200114
81,济南,山东省,0.13,166,20200114
82,益阳,湖南省,0.13,166,20200114
83,湘潭,湖南省,0.12,153,20200114
84,金华,浙江省,0.12,153,20200114
85,保定,河北省,0.12,153,20200114
86,怀化,湖南省,0.12,153,20200114
87,沈阳,辽宁省,0.12,153,20200114
88,临沂,山东省,0.12,153,20200114
89,柳州,广西壮族自治区,0.12,153,20200114
90,芜湖,安徽省,0.11,141,20200114
91,珠海,广东省,0.11,141,20200114
92,大连,辽宁省,0.11,141,20200114
93,永州,湖南省,0.11,141,20200114
94,吉安,江西省,0.11,141,20200114
95,遵义,贵州省,0.11,141,20200114
96,三亚,海南省,0.11,141,20200114
97,亳州,安徽省,0.1,128,20200114
98,长春,吉林省,0.1,128,20200114
99,台州,浙江省,0.1,128,20200114
0,黄冈,湖北省,13.3,18409,20200115
1,孝感,湖北省,13.14,18187,20200115
2,荆州,湖北省,6.03,8346,20200115
3,咸宁,湖北省,5.1,7059,20200115
4,鄂州,湖北省,4.1,5675,20200115
5,黄石,湖北省,3.68,5094,20200115
6,襄阳,湖北省,3.44,4761,20200115
7,仙桃,湖北省,2.88,3986,20200115
8,荆门,湖北省,2.82,3903,20200115
9,随州,湖北省,2.82,3903,20200115
10,宜昌,湖北省,2.35,3253,20200115
11,天门,湖北省,1.97,2727,20200115
12,恩施州,湖北省,1.79,2478,20200115
13,十堰,湖北省,1.6,2215,20200115
14,重庆,重庆,1.54,2132,20200115
15,信阳,河南省,1.48,2049,20200115
16,北京,北京,1.3,1799,20200115
17,长沙,湖南省,1.22,1689,20200115
18,潜江,湖北省,1.01,1398,20200115
19,上海,上海,0.91,1260,20200115
20,驻马店,河南省,0.81,1121,20200115
21,郑州,河南省,0.76,1052,20200115
22,南阳,河南省,0.64,886,20200115
23,九江,江西省,0.62,858,20200115
24,成都,四川省,0.57,789,20200115
25,南昌,江西省,0.55,761,20200115
26,深圳,广东省,0.54,747,20200115
27,广州,广东省,0.53,734,20200115
28,安庆,安徽省,0.51,706,20200115
29,岳阳,湖南省,0.5,692,20200115
30,合肥,安徽省,0.5,692,20200115
31,周口,河南省,0.46,637,20200115
32,西安,陕西省,0.36,498,20200115
33,阜阳,安徽省,0.35,484,20200115
34,南京,江苏省,0.35,484,20200115
35,商丘,河南省,0.34,471,20200115
36,杭州,浙江省,0.34,471,20200115
37,常德,湖南省,0.32,443,20200115
38,六安,安徽省,0.28,388,20200115
39,宜春,江西省,0.28,388,20200115
40,衡阳,湖南省,0.24,332,20200115
41,苏州,江苏省,0.23,318,20200115
42,邯郸,河北省,0.23,318,20200115
43,泉州,福建省,0.23,318,20200115
44,天津,天津,0.22,305,20200115
45,南宁,广西壮族自治区,0.22,305,20200115
46,福州,福建省,0.22,305,20200115
47,洛阳,河南省,0.22,305,20200115
48,温州,浙江省,0.22,305,20200115
49,昆明,云南省,0.21,291,20200115
50,石家庄,河北省,0.21,291,20200115
51,厦门,福建省,0.2,277,20200115
52,娄底,湖南省,0.18,249,20200115
53,株洲,湖南省,0.18,249,20200115
54,哈尔滨,黑龙江省,0.18,249,20200115
55,青岛,山东省,0.18,249,20200115
56,新乡,河南省,0.17,235,20200115
57,上饶,江西省,0.17,235,20200115
58,漯河,河南省,0.17,235,20200115
59,许昌,河南省,0.16,221,20200115
60,抚州,江西省,0.16,221,20200115
61,邢台,河北省,0.16,221,20200115
62,赣州,江西省,0.16,221,20200115
63,邵阳,湖南省,0.16,221,20200115
64,徐州,江苏省,0.16,221,20200115
65,菏泽,山东省,0.15,208,20200115
66,平顶山,河南省,0.15,208,20200115
67,安阳,河南省,0.15,208,20200115
68,南通,江苏省,0.15,208,20200115
69,保定,河北省,0.15,208,20200115
70,太原,山西省,0.14,194,20200115
71,无锡,江苏省,0.14,194,20200115
72,开封,河南省,0.14,194,20200115
73,益阳,湖南省,0.14,194,20200115
74,亳州,安徽省,0.14,194,20200115
75,桂林,广西壮族自治区,0.14,194,20200115
76,海口,海南省,0.13,180,20200115
77,济南,山东省,0.13,180,20200115
78,东莞,广东省,0.13,180,20200115
79,兰州,甘肃省,0.13,180,20200115
80,贵阳,贵州省,0.13,180,20200115
81,达州,四川省,0.12,166,20200115
82,永州,湖南省,0.12,166,20200115
83,北海,广西壮族自治区,0.12,166,20200115
84,湘潭,湖南省,0.12,166,20200115
85,吉安,江西省,0.12,166,20200115
86,沧州,河北省,0.11,152,20200115
87,安康,陕西省,0.11,152,20200115
88,金华,浙江省,0.11,152,20200115
89,沈阳,辽宁省,0.11,152,20200115
90,三亚,海南省,0.11,152,20200115
91,珠海,广东省,0.11,152,20200115
92,怀化,湖南省,0.11,152,20200115
93,南充,四川省,0.11,152,20200115
94,常州,江苏省,0.1,138,20200115
95,宁波,浙江省,0.1,138,20200115
96,临沂,山东省,0.1,138,20200115
97,佛山,广东省,0.1,138,20200115
98,乌鲁木齐,新疆维吾尔自治区,0.1,138,20200115
99,濮阳,河南省,0.1,138,20200115
0,黄冈,湖北省,13.35,18759,20200116
1,孝感,湖北省,12.57,17663,20200116
2,荆州,湖北省,6,8431,20200116
3,咸宁,湖北省,4.96,6970,20200116
4,鄂州,湖北省,4.04,5677,20200116
5,黄石,湖北省,3.84,5396,20200116
6,襄阳,湖北省,3.44,4834,20200116
7,随州,湖北省,2.89,4061,20200116
8,荆门,湖北省,2.81,3949,20200116
9,仙桃,湖北省,2.8,3935,20200116
10,宜昌,湖北省,2.48,3485,20200116
11,天门,湖北省,2.07,2909,20200116
12,恩施州,湖北省,1.8,2529,20200116
13,信阳,河南省,1.63,2290,20200116
14,十堰,湖北省,1.5,2108,20200116
15,重庆,重庆,1.45,2038,20200116
16,北京,北京,1.28,1799,20200116
17,长沙,湖南省,1.18,1658,20200116
18,潜江,湖北省,1.03,1447,20200116
19,上海,上海,0.92,1293,20200116
20,驻马店,河南省,0.8,1124,20200116
21,郑州,河南省,0.79,1110,20200116
22,南阳,河南省,0.73,1026,20200116
23,九江,江西省,0.61,857,20200116
24,成都,四川省,0.57,801,20200116
25,南昌,江西省,0.56,787,20200116
26,广州,广东省,0.53,745,20200116
27,安庆,安徽省,0.52,731,20200116
28,深圳,广东省,0.51,717,20200116
29,岳阳,湖南省,0.51,717,20200116
30,合肥,安徽省,0.47,660,20200116
31,周口,河南省,0.47,660,20200116
32,西安,陕西省,0.4,562,20200116
33,商丘,河南省,0.38,534,20200116
34,宜春,江西省,0.35,492,20200116
35,阜阳,安徽省,0.34,478,20200116
36,杭州,浙江省,0.33,464,20200116
37,常德,湖南省,0.32,450,20200116
38,南京,江苏省,0.32,450,20200116
39,昆明,云南省,0.26,365,20200116
40,衡阳,湖南省,0.25,351,20200116
41,泉州,福建省,0.25,351,20200116
42,六安,安徽省,0.24,337,20200116
43,福州,福建省,0.23,323,20200116
44,苏州,江苏省,0.23,323,20200116
45,娄底,湖南省,0.22,309,20200116
46,南宁,广西壮族自治区,0.22,309,20200116
47,温州,浙江省,0.21,295,20200116
48,邯郸,河北省,0.21,295,20200116
49,天津,天津,0.2,281,20200116
50,新乡,河南省,0.2,281,20200116
51,厦门,福建省,0.19,267,20200116
52,洛阳,河南省,0.19,267,20200116
53,上饶,江西省,0.18,253,20200116
54,漯河,河南省,0.18,253,20200116
55,哈尔滨,黑龙江省,0.18,253,20200116
56,石家庄,河北省,0.18,253,20200116
57,许昌,河南省,0.18,253,20200116
58,抚州,江西省,0.18,253,20200116
59,赣州,江西省,0.18,253,20200116
60,安阳,河南省,0.17,239,20200116
61,株洲,湖南省,0.17,239,20200116
62,邵阳,湖南省,0.17,239,20200116
63,青岛,山东省,0.17,239,20200116
64,邢台,河北省,0.17,239,20200116
65,平顶山,河南省,0.16,225,20200116
66,益阳,湖南省,0.16,225,20200116
67,三亚,海南省,0.16,225,20200116
68,菏泽,山东省,0.15,211,20200116
69,开封,河南省,0.15,211,20200116
70,徐州,江苏省,0.15,211,20200116
71,南通,江苏省,0.15,211,20200116
72,贵阳,贵州省,0.14,197,20200116
73,济南,山东省,0.14,197,20200116
74,沈阳,辽宁省,0.14,197,20200116
75,宁波,浙江省,0.13,183,20200116
76,永州,湖南省,0.13,183,20200116
77,太原,山西省,0.13,183,20200116
78,达州,四川省,0.13,183,20200116
79,焦作,河南省,0.13,183,20200116
80,海口,海南省,0.13,183,20200116
81,湘潭,湖南省,0.12,169,20200116
82,吉安,江西省,0.12,169,20200116
83,东莞,广东省,0.12,169,20200116
84,金华,浙江省,0.12,169,20200116
85,珠海,广东省,0.12,169,20200116
86,沧州,河北省,0.12,169,20200116
87,兰州,甘肃省,0.12,169,20200116
88,怀化,湖南省,0.12,169,20200116
89,佛山,广东省,0.12,169,20200116
90,三明,福建省,0.11,155,20200116
91,保定,河北省,0.11,155,20200116
92,亳州,安徽省,0.11,155,20200116
93,无锡,江苏省,0.11,155,20200116
94,芜湖,安徽省,0.11,155,20200116
95,桂林,广西壮族自治区,0.11,155,20200116
96,台州,浙江省,0.11,155,20200116
97,镇江,江苏省,0.1,141,20200116
98,神农架林区,湖北省,0.1,141,20200116
99,济宁,山东省,0.1,141,20200116
0,黄冈,湖北省,14.21,21432,20200117
1,孝感,湖北省,12.56,18944,20200117
2,荆州,湖北省,5.93,8944,20200117
3,咸宁,湖北省,5.07,7647,20200117
4,鄂州,湖北省,4.23,6380,20200117
5,黄石,湖北省,3.94,5942,20200117
6,襄阳,湖北省,3.58,5400,20200117
7,随州,湖北省,2.98,4495,20200117
8,仙桃,湖北省,2.76,4163,20200117
9,荆门,湖北省,2.75,4148,20200117
10,宜昌,湖北省,2.5,3771,20200117
11,天门,湖北省,1.95,2941,20200117
12,恩施州,湖北省,1.74,2624,20200117
13,信阳,河南省,1.63,2458,20200117
14,十堰,湖北省,1.56,2353,20200117
15,重庆,重庆,1.32,1991,20200117
16,长沙,湖南省,1.13,1704,20200117
17,北京,北京,1.07,1614,20200117
18,潜江,湖北省,1.02,1538,20200117
19,上海,上海,0.8,1207,20200117
20,南阳,河南省,0.77,1161,20200117
21,驻马店,河南省,0.73,1101,20200117
22,郑州,河南省,0.68,1026,20200117
23,九江,江西省,0.6,905,20200117
24,安庆,安徽省,0.59,890,20200117
25,岳阳,湖南省,0.5,754,20200117
26,周口,河南省,0.5,754,20200117
27,成都,四川省,0.5,754,20200117
28,南昌,江西省,0.49,739,20200117
29,深圳,广东省,0.48,724,20200117
30,合肥,安徽省,0.47,709,20200117
31,广州,广东省,0.46,694,20200117
32,宜春,江西省,0.37,558,20200117
33,西安,陕西省,0.36,543,20200117
34,商丘,河南省,0.36,543,20200117
35,阜阳,安徽省,0.35,528,20200117
36,南京,江苏省,0.32,483,20200117
37,常德,湖南省,0.29,437,20200117
38,杭州,浙江省,0.28,422,20200117
39,泉州,福建省,0.26,392,20200117
40,衡阳,湖南省,0.25,377,20200117
41,苏州,江苏省,0.23,347,20200117
42,福州,福建省,0.23,347,20200117
43,洛阳,河南省,0.23,347,20200117
44,新乡,河南省,0.23,347,20200117
45,温州,浙江省,0.22,332,20200117
46,娄底,湖南省,0.22,332,20200117
47,昆明,云南省,0.21,317,20200117
48,漯河,河南省,0.21,317,20200117
49,石家庄,河北省,0.21,317,20200117
50,六安,安徽省,0.21,317,20200117
51,邯郸,河北省,0.2,302,20200117
52,邵阳,湖南省,0.2,302,20200117
53,上饶,江西省,0.2,302,20200117
54,赣州,江西省,0.2,302,20200117
55,南宁,广西壮族自治区,0.2,302,20200117
56,株洲,湖南省,0.19,287,20200117
57,哈尔滨,黑龙江省,0.19,287,20200117
58,邢台,河北省,0.18,271,20200117
59,徐州,江苏省,0.18,271,20200117
60,抚州,江西省,0.18,271,20200117
61,许昌,河南省,0.17,256,20200117
62,青岛,山东省,0.17,256,20200117
63,厦门,福建省,0.17,256,20200117
64,开封,河南省,0.16,241,20200117
65,益阳,湖南省,0.16,241,20200117
66,台州,浙江省,0.16,241,20200117
67,南通,江苏省,0.16,241,20200117
68,天津,天津,0.15,226,20200117
69,安阳,河南省,0.15,226,20200117
70,菏泽,山东省,0.14,211,20200117
71,平顶山,河南省,0.14,211,20200117
72,沈阳,辽宁省,0.14,211,20200117
73,无锡,江苏省,0.14,211,20200117
74,吉安,江西省,0.13,196,20200117
75,三亚,海南省,0.13,196,20200117
76,保定,河北省,0.13,196,20200117
77,济南,山东省,0.13,196,20200117
78,永州,湖南省,0.13,196,20200117
79,湘潭,湖南省,0.13,196,20200117
80,珠海,广东省,0.13,196,20200117
81,太原,山西省,0.12,181,20200117
82,亳州,安徽省,0.12,181,20200117
83,东莞,广东省,0.12,181,20200117
84,达州,四川省,0.12,181,20200117
85,兰州,甘肃省,0.12,181,20200117
86,怀化,湖南省,0.12,181,20200117
87,沧州,河北省,0.12,181,20200117
88,焦作,河南省,0.12,181,20200117
89,濮阳,河南省,0.11,166,20200117
90,海口,海南省,0.11,166,20200117
91,佛山,广东省,0.11,166,20200117
92,宿州,安徽省,0.11,166,20200117
93,贵阳,贵州省,0.11,166,20200117
94,三明,福建省,0.11,166,20200117
95,桂林,广西壮族自治区,0.11,166,20200117
96,泰州,江苏省,0.11,166,20200117
97,绍兴,浙江省,0.11,166,20200117
98,铜陵,安徽省,0.1,151,20200117
99,郴州,湖南省,0.1,151,20200117
0,黄冈,湖北省,14.87,26850,20200118
1,孝感,湖北省,13.14,23727,20200118
2,荆州,湖北省,6.29,11358,20200118
3,咸宁,湖北省,5.14,9281,20200118
4,鄂州,湖北省,4.39,7927,20200118
5,黄石,湖北省,4.21,7602,20200118
6,襄阳,湖北省,3.63,6555,20200118
7,随州,湖北省,3.11,5616,20200118
8,荆门,湖北省,2.96,5345,20200118
9,仙桃,湖北省,2.91,5255,20200118
10,宜昌,湖北省,2.54,4586,20200118
11,天门,湖北省,2.1,3792,20200118
12,恩施州,湖北省,1.8,3250,20200118
13,十堰,湖北省,1.65,2979,20200118
14,信阳,河南省,1.35,2438,20200118
15,重庆,重庆,1.27,2293,20200118
16,潜江,湖北省,1.03,1860,20200118
17,长沙,湖南省,1.02,1842,20200118
18,北京,北京,0.73,1318,20200118
19,南阳,河南省,0.7,1264,20200118
20,驻马店,河南省,0.68,1228,20200118
21,郑州,河南省,0.62,1120,20200118
22,上海,上海,0.6,1083,20200118
23,九江,江西省,0.57,1029,20200118
24,安庆,安徽省,0.57,1029,20200118
25,岳阳,湖南省,0.54,975,20200118
26,南昌,江西省,0.46,831,20200118
27,成都,四川省,0.46,831,20200118
28,周口,河南省,0.46,831,20200118
29,深圳,广东省,0.41,740,20200118
30,合肥,安徽省,0.4,722,20200118
31,广州,广东省,0.39,704,20200118
32,常德,湖南省,0.37,668,20200118
33,商丘,河南省,0.34,614,20200118
34,阜阳,安徽省,0.34,614,20200118
35,西安,陕西省,0.32,578,20200118
36,宜春,江西省,0.32,578,20200118
37,南京,江苏省,0.28,506,20200118
38,杭州,浙江省,0.27,488,20200118
39,娄底,湖南省,0.26,469,20200118
40,衡阳,湖南省,0.25,451,20200118
41,泉州,福建省,0.24,433,20200118
42,温州,浙江省,0.24,433,20200118
43,邵阳,湖南省,0.22,397,20200118
44,株洲,湖南省,0.21,379,20200118
45,益阳,湖南省,0.21,379,20200118
46,上饶,江西省,0.2,361,20200118
47,昆明,云南省,0.2,361,20200118
48,福州,福建省,0.2,361,20200118
49,漯河,河南省,0.19,343,20200118
50,赣州,江西省,0.18,325,20200118
51,苏州,江苏省,0.18,325,20200118
52,六安,安徽省,0.18,325,20200118
53,洛阳,河南省,0.17,307,20200118
54,石家庄,河北省,0.17,307,20200118
55,新乡,河南省,0.17,307,20200118
56,哈尔滨,黑龙江省,0.17,307,20200118
57,抚州,江西省,0.16,289,20200118
58,徐州,江苏省,0.16,289,20200118
59,邯郸,河北省,0.16,289,20200118
60,菏泽,山东省,0.16,289,20200118
61,南通,江苏省,0.15,271,20200118
62,许昌,河南省,0.15,271,20200118
63,邢台,河北省,0.15,271,20200118
64,开封,河南省,0.14,253,20200118
65,天津,天津,0.14,253,20200118
66,厦门,福建省,0.14,253,20200118
67,安阳,河南省,0.14,253,20200118
68,平顶山,河南省,0.14,253,20200118
69,永州,湖南省,0.14,253,20200118
70,南宁,广西壮族自治区,0.13,235,20200118
71,湘潭,湖南省,0.13,235,20200118
72,台州,浙江省,0.12,217,20200118
73,青岛,山东省,0.12,217,20200118
74,吉安,江西省,0.12,217,20200118
75,保定,河北省,0.12,217,20200118
76,三亚,海南省,0.12,217,20200118
77,无锡,江苏省,0.12,217,20200118
78,芜湖,安徽省,0.12,217,20200118
79,亳州,安徽省,0.12,217,20200118
80,宿州,安徽省,0.11,199,20200118
81,济南,山东省,0.11,199,20200118
82,泰州,江苏省,0.11,199,20200118
83,扬州,江苏省,0.11,199,20200118
84,怀化,湖南省,0.11,199,20200118
85,达州,四川省,0.11,199,20200118
86,贵阳,贵州省,0.11,199,20200118
87,临沂,山东省,0.11,199,20200118
88,郴州,湖南省,0.11,199,20200118
89,东莞,广东省,0.11,199,20200118
90,金华,浙江省,0.11,199,20200118
91,安康,陕西省,0.1,181,20200118
92,沧州,河北省,0.1,181,20200118
93,桂林,广西壮族自治区,0.1,181,20200118
94,海口,海南省,0.1,181,20200118
95,济宁,山东省,0.1,181,20200118
96,沈阳,辽宁省,0.1,181,20200118
97,乌鲁木齐,新疆维吾尔自治区,0.09,163,20200118
98,运城,山西省,0.09,163,20200118
99,焦作,河南省,0.09,163,20200118
0,孝感,湖北省,14.47,25112,20200119
1,黄冈,湖北省,12.28,21311,20200119
2,荆州,湖北省,6.93,12026,20200119
3,咸宁,湖北省,4.95,8590,20200119
4,鄂州,湖北省,3.91,6786,20200119
5,襄阳,湖北省,3.81,6612,20200119
6,黄石,湖北省,3.75,6508,20200119
7,荆门,湖北省,3.31,5744,20200119
8,随州,湖北省,3.21,5571,20200119
9,仙桃,湖北省,3.07,5328,20200119
10,宜昌,湖北省,2.69,4668,20200119
11,天门,湖北省,2.33,4044,20200119
12,十堰,湖北省,1.84,3193,20200119
13,恩施州,湖北省,1.74,3020,20200119
14,信阳,河南省,1.45,2516,20200119
15,重庆,重庆,1.29,2239,20200119
16,潜江,湖北省,1.04,1805,20200119
17,长沙,湖南省,0.79,1371,20200119
18,南阳,河南省,0.72,1250,20200119
19,驻马店,河南省,0.68,1180,20200119
20,北京,北京,0.68,1180,20200119
21,上海,上海,0.56,972,20200119
22,九江,江西省,0.52,902,20200119
23,岳阳,湖南省,0.52,902,20200119
24,周口,河南省,0.51,885,20200119
25,郑州,河南省,0.51,885,20200119
26,南昌,江西省,0.48,833,20200119
27,成都,四川省,0.45,781,20200119
28,安庆,安徽省,0.45,781,20200119
29,广州,广东省,0.44,764,20200119
30,深圳,广东省,0.43,746,20200119
31,常德,湖南省,0.4,694,20200119
32,商丘,河南省,0.38,659,20200119
33,阜阳,安徽省,0.36,625,20200119
34,西安,陕西省,0.34,590,20200119
35,合肥,安徽省,0.34,590,20200119
36,宜春,江西省,0.3,521,20200119
37,衡阳,湖南省,0.25,434,20200119
38,温州,浙江省,0.24,417,20200119
39,泉州,福建省,0.24,417,20200119
40,昆明,云南省,0.22,382,20200119
41,娄底,湖南省,0.22,382,20200119
42,邵阳,湖南省,0.22,382,20200119
43,南京,江苏省,0.21,364,20200119
44,杭州,浙江省,0.2,347,20200119
45,洛阳,河南省,0.2,347,20200119
46,福州,福建省,0.19,330,20200119
47,许昌,河南省,0.19,330,20200119
48,新乡,河南省,0.19,330,20200119
49,株洲,湖南省,0.18,312,20200119
50,上饶,江西省,0.18,312,20200119
51,抚州,江西省,0.18,312,20200119
52,菏泽,山东省,0.18,312,20200119
53,六安,安徽省,0.18,312,20200119
54,益阳,湖南省,0.18,312,20200119
55,哈尔滨,黑龙江省,0.18,312,20200119
56,漯河,河南省,0.18,312,20200119
57,厦门,福建省,0.18,312,20200119
58,安阳,河南省,0.18,312,20200119
59,赣州,江西省,0.17,295,20200119
60,邢台,河北省,0.16,278,20200119
61,南宁,广西壮族自治区,0.16,278,20200119
62,邯郸,河北省,0.16,278,20200119
63,石家庄,河北省,0.16,278,20200119
64,安康,陕西省,0.16,278,20200119
65,开封,河南省,0.16,278,20200119
66,南通,江苏省,0.15,260,20200119
67,苏州,江苏省,0.15,260,20200119
68,三亚,海南省,0.14,243,20200119
69,吉安,江西省,0.14,243,20200119
70,天津,天津,0.14,243,20200119
71,达州,四川省,0.14,243,20200119
72,平顶山,河南省,0.14,243,20200119
73,桂林,广西壮族自治区,0.14,243,20200119
74,永州,湖南省,0.14,243,20200119
75,湘潭,湖南省,0.14,243,20200119
76,徐州,江苏省,0.13,226,20200119
77,北海,广西壮族自治区,0.13,226,20200119
78,沧州,河北省,0.13,226,20200119
79,亳州,安徽省,0.13,226,20200119
80,台州,浙江省,0.13,226,20200119
81,保定,河北省,0.11,191,20200119
82,金华,浙江省,0.11,191,20200119
83,莆田,福建省,0.11,191,20200119
84,芜湖,安徽省,0.11,191,20200119
85,泰州,江苏省,0.11,191,20200119
86,沈阳,辽宁省,0.11,191,20200119
87,青岛,山东省,0.11,191,20200119
88,郴州,湖南省,0.11,191,20200119
89,太原,山西省,0.11,191,20200119
90,珠海,广东省,0.11,191,20200119
91,东莞,广东省,0.11,191,20200119
92,南充,四川省,0.11,191,20200119
93,济宁,山东省,0.1,174,20200119
94,海口,海南省,0.1,174,20200119
95,宿州,安徽省,0.1,174,20200119
96,运城,山西省,0.1,174,20200119
97,焦作,河南省,0.1,174,20200119
98,神农架林区,湖北省,0.1,174,20200119
99,怀化,湖南省,0.1,174,20200119
0,孝感,湖北省,14.24,27714,20200120
1,黄冈,湖北省,12.45,24230,20200120
2,荆州,湖北省,7.29,14188,20200120
3,咸宁,湖北省,4.75,9244,20200120
4,襄阳,湖北省,4.08,7941,20200120
5,黄石,湖北省,3.7,7201,20200120
6,荆门,湖北省,3.59,6987,20200120
7,鄂州,湖北省,3.53,6870,20200120
8,随州,湖北省,3.38,6578,20200120
9,仙桃,湖北省,3.11,6053,20200120
10,宜昌,湖北省,2.95,5741,20200120
11,天门,湖北省,2.43,4729,20200120
12,十堰,湖北省,1.97,3834,20200120
13,恩施州,湖北省,1.87,3639,20200120
14,信阳,河南省,1.57,3056,20200120
15,重庆,重庆,1.27,2472,20200120
16,潜江,湖北省,1.17,2277,20200120
17,南阳,河南省,0.82,1596,20200120
18,长沙,湖南省,0.75,1460,20200120
19,驻马店,河南省,0.72,1401,20200120
20,北京,北京,0.56,1090,20200120
21,周口,河南省,0.54,1051,20200120
22,郑州,河南省,0.52,1012,20200120
23,九江,江西省,0.48,934,20200120
24,岳阳,湖南省,0.47,915,20200120
25,上海,上海,0.46,895,20200120
26,南昌,江西省,0.43,837,20200120
27,安庆,安徽省,0.43,837,20200120
28,阜阳,安徽省,0.43,837,20200120
29,商丘,河南省,0.43,837,20200120
30,广州,广东省,0.4,778,20200120
31,深圳,广东省,0.4,778,20200120
32,常德,湖南省,0.38,740,20200120
33,成都,四川省,0.37,720,20200120
34,合肥,安徽省,0.3,584,20200120
35,宜春,江西省,0.29,564,20200120
36,西安,陕西省,0.29,564,20200120
37,温州,浙江省,0.28,545,20200120
38,衡阳,湖南省,0.27,525,20200120
39,邵阳,湖南省,0.22,428,20200120
40,南京,江苏省,0.21,409,20200120
41,漯河,河南省,0.21,409,20200120
42,福州,福建省,0.2,389,20200120
43,娄底,湖南省,0.2,389,20200120
44,许昌,河南省,0.2,389,20200120
45,洛阳,河南省,0.2,389,20200120
46,益阳,湖南省,0.2,389,20200120
47,昆明,云南省,0.19,370,20200120
48,新乡,河南省,0.19,370,20200120
49,泉州,福建省,0.19,370,20200120
50,菏泽,山东省,0.19,370,20200120
51,六安,安徽省,0.18,350,20200120
52,开封,河南省,0.18,350,20200120
53,株洲,湖南省,0.17,331,20200120
54,杭州,浙江省,0.17,331,20200120
55,安阳,河南省,0.17,331,20200120
56,上饶,江西省,0.16,311,20200120
57,哈尔滨,黑龙江省,0.16,311,20200120
58,吉安,江西省,0.16,311,20200120
59,邢台,河北省,0.16,311,20200120
60,抚州,江西省,0.16,311,20200120
61,徐州,江苏省,0.16,311,20200120
62,赣州,江西省,0.16,311,20200120
63,邯郸,河北省,0.15,292,20200120
64,平顶山,河南省,0.15,292,20200120
65,石家庄,河北省,0.15,292,20200120
66,南宁,广西壮族自治区,0.15,292,20200120
67,厦门,福建省,0.14,272,20200120
68,三亚,海南省,0.14,272,20200120
69,永州,湖南省,0.14,272,20200120
70,桂林,广西壮族自治区,0.14,272,20200120
71,亳州,安徽省,0.14,272,20200120
72,北海,广西壮族自治区,0.13,253,20200120
73,怀化,湖南省,0.13,253,20200120
74,苏州,江苏省,0.12,234,20200120
75,南通,江苏省,0.12,234,20200120
76,达州,四川省,0.12,234,20200120
77,宿州,安徽省,0.12,234,20200120
78,台州,浙江省,0.12,234,20200120
79,安康,陕西省,0.12,234,20200120
80,郴州,湖南省,0.12,234,20200120
81,湘潭,湖南省,0.12,234,20200120
82,保定,河北省,0.12,234,20200120
83,天津,天津,0.11,214,20200120
84,芜湖,安徽省,0.11,214,20200120
85,沧州,河北省,0.11,214,20200120
86,南充,四川省,0.1,195,20200120
87,珠海,广东省,0.1,195,20200120
88,运城,山西省,0.1,195,20200120
89,济宁,山东省,0.1,195,20200120
90,金华,浙江省,0.1,195,20200120
91,泰州,江苏省,0.1,195,20200120
92,焦作,河南省,0.09,175,20200120
93,沈阳,辽宁省,0.09,175,20200120
94,东莞,广东省,0.09,175,20200120
95,太原,山西省,0.09,175,20200120
96,海口,海南省,0.09,175,20200120
97,扬州,江苏省,0.09,175,20200120
98,莆田,福建省,0.09,175,20200120
99,济南,山东省,0.09,175,20200120
0,孝感,湖北省,13.87,34887,20200121
1,黄冈,湖北省,13.5,33957,20200121
2,荆州,湖北省,7.17,18035,20200121
3,咸宁,湖北省,4.77,11998,20200121
4,襄阳,湖北省,4.44,11168,20200121
5,荆门,湖北省,3.76,9458,20200121
6,黄石,湖北省,3.74,9407,20200121
7,随州,湖北省,3.54,8904,20200121
8,鄂州,湖北省,3.28,8250,20200121
9,仙桃,湖北省,3.23,8124,20200121
10,宜昌,湖北省,3.05,7672,20200121
11,天门,湖北省,2.28,5735,20200121
12,十堰,湖北省,2,5031,20200121
13,恩施州,湖北省,1.83,4603,20200121
14,信阳,河南省,1.68,4226,20200121
15,重庆,重庆,1.25,3144,20200121
16,潜江,湖北省,1.19,2993,20200121
17,南阳,河南省,0.82,2063,20200121
18,驻马店,河南省,0.73,1836,20200121
19,长沙,湖南省,0.66,1660,20200121
20,岳阳,湖南省,0.56,1409,20200121
21,周口,河南省,0.51,1283,20200121
22,安庆,安徽省,0.5,1258,20200121
23,九江,江西省,0.5,1258,20200121
24,北京,北京,0.47,1182,20200121
25,郑州,河南省,0.44,1107,20200121
26,广州,广东省,0.41,1031,20200121
27,常德,湖南省,0.41,1031,20200121
28,商丘,河南省,0.4,1006,20200121
29,南昌,江西省,0.4,1006,20200121
30,深圳,广东省,0.39,981,20200121
31,阜阳,安徽省,0.38,956,20200121
32,上海,上海,0.33,830,20200121
33,成都,四川省,0.33,830,20200121
34,西安,陕西省,0.28,704,20200121
35,宜春,江西省,0.27,679,20200121
36,合肥,安徽省,0.27,679,20200121
37,衡阳,湖南省,0.25,629,20200121
38,温州,浙江省,0.24,604,20200121
39,邵阳,湖南省,0.23,579,20200121
40,益阳,湖南省,0.21,528,20200121
41,六安,安徽省,0.21,528,20200121
42,上饶,江西省,0.2,503,20200121
43,漯河,河南省,0.19,478,20200121
44,开封,河南省,0.19,478,20200121
45,昆明,云南省,0.19,478,20200121
46,泉州,福建省,0.19,478,20200121
47,许昌,河南省,0.18,453,20200121
48,娄底,湖南省,0.18,453,20200121
49,株洲,湖南省,0.18,453,20200121
50,福州,福建省,0.17,428,20200121
51,洛阳,河南省,0.17,428,20200121
52,新乡,河南省,0.17,428,20200121
53,安阳,河南省,0.17,428,20200121
54,南京,江苏省,0.16,402,20200121
55,菏泽,山东省,0.16,402,20200121
56,徐州,江苏省,0.16,402,20200121
57,石家庄,河北省,0.15,377,20200121
58,厦门,福建省,0.15,377,20200121
59,湘潭,湖南省,0.15,377,20200121
60,平顶山,河南省,0.15,377,20200121
61,抚州,江西省,0.15,377,20200121
62,永州,湖南省,0.15,377,20200121
63,杭州,浙江省,0.15,377,20200121
64,赣州,江西省,0.14,352,20200121
65,邯郸,河北省,0.14,352,20200121
66,吉安,江西省,0.14,352,20200121
67,达州,四川省,0.13,327,20200121
68,三亚,海南省,0.13,327,20200121
69,桂林,广西壮族自治区,0.13,327,20200121
70,芜湖,安徽省,0.12,302,20200121
71,邢台,河北省,0.12,302,20200121
72,哈尔滨,黑龙江省,0.12,302,20200121
73,南宁,广西壮族自治区,0.11,277,20200121
74,怀化,湖南省,0.11,277,20200121
75,南通,江苏省,0.11,277,20200121
76,郴州,湖南省,0.11,277,20200121
77,珠海,广东省,0.11,277,20200121
78,台州,浙江省,0.11,277,20200121
79,宿州,安徽省,0.11,277,20200121
80,苏州,江苏省,0.11,277,20200121
81,南充,四川省,0.1,252,20200121
82,亳州,安徽省,0.1,252,20200121
83,安康,陕西省,0.1,252,20200121
84,焦作,河南省,0.1,252,20200121
85,濮阳,河南省,0.1,252,20200121
86,金华,浙江省,0.1,252,20200121
87,神农架林区,湖北省,0.1,252,20200121
88,保定,河北省,0.1,252,20200121
89,临沂,山东省,0.1,252,20200121
90,济宁,山东省,0.09,226,20200121
91,惠州,广东省,0.09,226,20200121
92,海口,海南省,0.09,226,20200121
93,天津,天津,0.09,226,20200121
94,莆田,福建省,0.09,226,20200121
95,沧州,河北省,0.09,226,20200121
96,泰州,江苏省,0.09,226,20200121
97,湛江,广东省,0.08,201,20200121
98,北海,广西壮族自治区,0.08,201,20200121
99,东莞,广东省,0.08,201,20200121
0,孝感,湖北省,14.56,40374,20200122
1,黄冈,湖北省,14.08,39043,20200122
2,荆州,湖北省,7.65,21213,20200122
3,咸宁,湖北省,4.74,13144,20200122
4,襄阳,湖北省,4.5,12478,20200122
5,荆门,湖北省,4.19,11619,20200122
6,黄石,湖北省,3.86,10704,20200122
7,随州,湖北省,3.79,10509,20200122
8,仙桃,湖北省,3.3,9151,20200122
9,鄂州,湖北省,3.28,9095,20200122
10,宜昌,湖北省,3.18,8818,20200122
11,天门,湖北省,2.34,6489,20200122
12,十堰,湖北省,2.06,5712,20200122
13,信阳,河南省,1.76,4880,20200122
14,恩施州,湖北省,1.76,4880,20200122
15,潜江,湖北省,1.35,3743,20200122
16,重庆,重庆,1.04,2884,20200122
17,南阳,河南省,0.77,2135,20200122
18,驻马店,河南省,0.66,1830,20200122
19,长沙,湖南省,0.6,1664,20200122
20,岳阳,湖南省,0.58,1608,20200122
21,九江,江西省,0.5,1386,20200122
22,安庆,安徽省,0.5,1386,20200122
23,周口,河南省,0.42,1165,20200122
24,常德,湖南省,0.4,1109,20200122
25,北京,北京,0.39,1081,20200122
26,南昌,江西省,0.38,1054,20200122
27,广州,广东省,0.37,1026,20200122
28,深圳,广东省,0.35,971,20200122
29,商丘,河南省,0.33,915,20200122
30,阜阳,安徽省,0.33,915,20200122
31,郑州,河南省,0.31,860,20200122
32,成都,四川省,0.29,804,20200122
33,上海,上海,0.28,776,20200122
34,宜春,江西省,0.26,721,20200122
35,合肥,安徽省,0.25,693,20200122
36,衡阳,湖南省,0.24,666,20200122
37,益阳,湖南省,0.24,666,20200122
38,漯河,河南省,0.22,610,20200122
39,温州,浙江省,0.22,610,20200122
40,西安,陕西省,0.21,582,20200122
41,邵阳,湖南省,0.2,555,20200122
42,六安,安徽省,0.19,527,20200122
43,福州,福建省,0.18,499,20200122
44,泉州,福建省,0.17,471,20200122
45,株洲,湖南省,0.17,471,20200122
46,昆明,云南省,0.17,471,20200122
47,娄底,湖南省,0.17,471,20200122
48,上饶,江西省,0.16,444,20200122
49,许昌,河南省,0.15,416,20200122
50,新乡,河南省,0.15,416,20200122
51,菏泽,山东省,0.15,416,20200122
52,开封,河南省,0.14,388,20200122
53,平顶山,河南省,0.14,388,20200122
54,石家庄,河北省,0.14,388,20200122
55,洛阳,河南省,0.14,388,20200122
56,赣州,江西省,0.14,388,20200122
57,抚州,江西省,0.14,388,20200122
58,吉安,江西省,0.13,360,20200122
59,安阳,河南省,0.13,360,20200122
60,南京,江苏省,0.13,360,20200122
61,徐州,江苏省,0.12,333,20200122
62,湘潭,湖南省,0.12,333,20200122
63,邯郸,河北省,0.12,333,20200122
64,郴州,湖南省,0.12,333,20200122
65,永州,湖南省,0.11,305,20200122
66,三亚,海南省,0.11,305,20200122
67,哈尔滨,黑龙江省,0.11,305,20200122
68,芜湖,安徽省,0.11,305,20200122
69,厦门,福建省,0.11,305,20200122
70,惠州,广东省,0.11,305,20200122
71,怀化,湖南省,0.11,305,20200122
72,桂林,广西壮族自治区,0.11,305,20200122
73,南宁,广西壮族自治区,0.11,305,20200122
74,杭州,浙江省,0.11,305,20200122
75,达州,四川省,0.1,277,20200122
76,东莞,广东省,0.09,250,20200122
77,南通,江苏省,0.09,250,20200122
78,亳州,安徽省,0.09,250,20200122
79,宿州,安徽省,0.09,250,20200122
80,珠海,广东省,0.09,250,20200122
81,邢台,河北省,0.09,250,20200122
82,保定,河北省,0.09,250,20200122
83,北海,广西壮族自治区,0.09,250,20200122
84,濮阳,河南省,0.09,250,20200122
85,海口,海南省,0.09,250,20200122
86,盐城,江苏省,0.09,250,20200122
87,苏州,江苏省,0.09,250,20200122
88,泰州,江苏省,0.09,250,20200122
89,安康,陕西省,0.09,250,20200122
90,焦作,河南省,0.08,222,20200122
91,铜陵,安徽省,0.08,222,20200122
92,台州,浙江省,0.08,222,20200122
93,湛江,广东省,0.08,222,20200122
94,沧州,河北省,0.07,194,20200122
95,天津,天津,0.07,194,20200122
96,临沂,山东省,0.07,194,20200122
97,扬州,江苏省,0.07,194,20200122
98,无锡,江苏省,0.07,194,20200122
99,南充,四川省,0.07,194,20200122
0,孝感,湖北省,16.91,44118,20200123
1,黄冈,湖北省,14.12,49279,20200123
2,荆州,湖北省,7.31,25512,20200123
3,咸宁,湖北省,4.9,17101,20200123
4,襄阳,湖北省,4.24,14798,20200123
5,随州,湖北省,4.15,14484,20200123
6,荆门,湖北省,4.07,14204,20200123
7,黄石,湖北省,3.76,13122,20200123
8,鄂州,湖北省,3.59,12529,20200123
9,仙桃,湖北省,3.34,11657,20200123
10,宜昌,湖北省,2.88,10051,20200123
11,天门,湖北省,2.25,7853,20200123
12,十堰,湖北省,2.14,7469,20200123
13,信阳,河南省,1.66,5793,20200123
14,恩施州,湖北省,1.54,5375,20200123
15,潜江,湖北省,1.25,4363,20200123
16,重庆,重庆,1,3490,20200123
17,南阳,河南省,0.76,2652,20200123
18,驻马店,河南省,0.62,2164,20200123
19,长沙,湖南省,0.6,2094,20200123
20,岳阳,湖南省,0.54,1885,20200123
21,南昌,江西省,0.45,1571,20200123
22,周口,河南省,0.44,1536,20200123
23,九江,江西省,0.41,1431,20200123
24,常德,湖南省,0.39,1361,20200123
25,安庆,安徽省,0.39,1361,20200123
26,深圳,广东省,0.37,1291,20200123
27,商丘,河南省,0.37,1291,20200123
28,广州,广东省,0.36,1256,20200123
29,北京,北京,0.36,1256,20200123
30,阜阳,安徽省,0.35,1222,20200123
31,上海,上海,0.31,1082,20200123
32,郑州,河南省,0.26,907,20200123
33,益阳,湖南省,0.25,873,20200123
34,衡阳,湖南省,0.22,768,20200123
35,宜春,江西省,0.22,768,20200123
36,合肥,安徽省,0.21,733,20200123
37,成都,四川省,0.21,733,20200123
38,西安,陕西省,0.2,698,20200123
39,邵阳,湖南省,0.19,663,20200123
40,漯河,河南省,0.18,628,20200123
41,泉州,福建省,0.18,628,20200123
42,福州,福建省,0.17,593,20200123
43,六安,安徽省,0.17,593,20200123
44,温州,浙江省,0.16,558,20200123
45,娄底,湖南省,0.15,524,20200123
46,上饶,江西省,0.15,524,20200123
47,株洲,湖南省,0.15,524,20200123
48,赣州,江西省,0.14,489,20200123
49,洛阳,河南省,0.14,489,20200123
50,昆明,云南省,0.14,489,20200123
51,芜湖,安徽省,0.13,454,20200123
52,杭州,浙江省,0.13,454,20200123
53,安阳,河南省,0.13,454,20200123
54,吉安,江西省,0.13,454,20200123
55,许昌,河南省,0.13,454,20200123
56,三亚,海南省,0.12,419,20200123
57,菏泽,山东省,0.12,419,20200123
58,晋中,山西省,0.12,419,20200123
59,湘潭,湖南省,0.12,419,20200123
60,开封,河南省,0.12,419,20200123
61,永州,湖南省,0.12,419,20200123
62,新乡,河南省,0.12,419,20200123
63,南京,江苏省,0.11,384,20200123
64,东莞,广东省,0.11,384,20200123
65,徐州,江苏省,0.11,384,20200123
66,平顶山,河南省,0.11,384,20200123
67,惠州,广东省,0.11,384,20200123
68,邯郸,河北省,0.1,349,20200123
69,苏州,江苏省,0.1,349,20200123
70,抚州,江西省,0.1,349,20200123
71,厦门,福建省,0.1,349,20200123
72,哈尔滨,黑龙江省,0.1,349,20200123
73,南宁,广西壮族自治区,0.1,349,20200123
74,郴州,湖南省,0.1,349,20200123
75,宿州,安徽省,0.09,314,20200123
76,达州,四川省,0.09,314,20200123
77,石家庄,河北省,0.09,314,20200123
78,珠海,广东省,0.09,314,20200123
79,桂林,广西壮族自治区,0.09,314,20200123
80,南通,江苏省,0.09,314,20200123
81,亳州,安徽省,0.08,279,20200123
82,怀化,湖南省,0.08,279,20200123
83,台州,浙江省,0.08,279,20200123
84,北海,广西壮族自治区,0.08,279,20200123
85,濮阳,河南省,0.08,279,20200123
86,泰州,江苏省,0.08,279,20200123
87,佛山,广东省,0.08,279,20200123
88,盐城,江苏省,0.08,279,20200123
89,邢台,河北省,0.08,279,20200123
90,南充,四川省,0.07,244,20200123
91,铜陵,安徽省,0.07,244,20200123
92,安康,陕西省,0.07,244,20200123
93,海口,海南省,0.07,244,20200123
94,济宁,山东省,0.07,244,20200123
95,扬州,江苏省,0.07,244,20200123
96,咸阳,陕西省,0.06,209,20200123
97,保定,河北省,0.06,209,20200123
98,天津,天津,0.06,209,20200123
99,沧州,河北省,0.06,209,20200123
0,孝感,湖北省,17.67,16098,20200124
1,黄冈,湖北省,14.58,13283,20200124
2,荆州,湖北省,6.04,5503,20200124
3,咸宁,湖北省,4.48,4081,20200124
4,鄂州,湖北省,3.99,3635,20200124
5,随州,湖北省,3.72,3389,20200124
6,荆门,湖北省,3.43,3125,20200124
7,黄石,湖北省,3.36,3061,20200124
8,襄阳,湖北省,3.2,2915,20200124
9,仙桃,湖北省,3.19,2906,20200124
10,宜昌,湖北省,2.26,2059,20200124
11,十堰,湖北省,1.96,1786,20200124
12,天门,湖北省,1.94,1767,20200124
13,恩施州,湖北省,1.6,1458,20200124
14,信阳,河南省,1.49,1357,20200124
15,重庆,重庆,1.29,1175,20200124
16,潜江,湖北省,0.92,838,20200124
17,深圳,广东省,0.8,729,20200124
18,南阳,河南省,0.62,565,20200124
19,长沙,湖南省,0.61,556,20200124
20,广州,广东省,0.55,501,20200124
21,驻马店,河南省,0.55,501,20200124
22,上海,上海,0.53,483,20200124
23,商丘,河南省,0.52,474,20200124
24,岳阳,湖南省,0.51,465,20200124
25,阜阳,安徽省,0.49,446,20200124
26,周口,河南省,0.4,364,20200124
27,九江,江西省,0.4,364,20200124
28,北京,北京,0.39,355,20200124
29,南昌,江西省,0.38,346,20200124
30,安庆,安徽省,0.33,301,20200124
31,常德,湖南省,0.33,301,20200124
32,西安,陕西省,0.28,255,20200124
33,益阳,湖南省,0.28,255,20200124
34,郑州,河南省,0.27,246,20200124
35,成都,四川省,0.25,228,20200124
36,惠州,广东省,0.24,219,20200124
37,东莞,广东省,0.23,210,20200124
38,衡阳,湖南省,0.23,210,20200124
39,邵阳,湖南省,0.22,200,20200124
40,苏州,江苏省,0.21,191,20200124
41,温州,浙江省,0.21,191,20200124
42,徐州,江苏省,0.21,191,20200124
43,杭州,浙江省,0.2,182,20200124
44,泉州,福建省,0.19,173,20200124
45,福州,福建省,0.18,164,20200124
46,合肥,安徽省,0.17,155,20200124
47,株洲,湖南省,0.17,155,20200124
48,菏泽,山东省,0.17,155,20200124
49,珠海,广东省,0.17,155,20200124
50,佛山,广东省,0.17,155,20200124
51,南京,江苏省,0.16,146,20200124
52,宜春,江西省,0.16,146,20200124
53,漯河,河南省,0.16,146,20200124
54,娄底,湖南省,0.16,146,20200124
55,赣州,江西省,0.16,146,20200124
56,上饶,江西省,0.15,137,20200124
57,芜湖,安徽省,0.15,137,20200124
58,厦门,福建省,0.15,137,20200124
59,三亚,海南省,0.15,137,20200124
60,郴州,湖南省,0.14,128,20200124
61,六安,安徽省,0.14,128,20200124
62,达州,四川省,0.14,128,20200124
63,北海,广西壮族自治区,0.14,128,20200124
64,昆明,云南省,0.14,128,20200124
65,安阳,河南省,0.13,118,20200124
66,中山,广东省,0.13,118,20200124
67,永州,湖南省,0.13,118,20200124
68,平顶山,河南省,0.12,109,20200124
69,宿州,安徽省,0.12,109,20200124
70,开封,河南省,0.12,109,20200124
71,桂林,广西壮族自治区,0.12,109,20200124
72,吉安,江西省,0.12,109,20200124
73,台州,浙江省,0.12,109,20200124
74,南充,四川省,0.12,109,20200124
75,广安,四川省,0.12,109,20200124
76,抚州,江西省,0.11,100,20200124
77,新乡,河南省,0.11,100,20200124
78,晋中,山西省,0.11,100,20200124
79,湘潭,湖南省,0.11,100,20200124
80,许昌,河南省,0.11,100,20200124
81,宁波,浙江省,0.1,91,20200124
82,南通,江苏省,0.1,91,20200124
83,石家庄,河北省,0.1,91,20200124
84,洛阳,河南省,0.1,91,20200124
85,海口,海南省,0.1,91,20200124
86,天津,天津,0.09,82,20200124
87,哈尔滨,黑龙江省,0.09,82,20200124
88,邯郸,河北省,0.09,82,20200124
89,盐城,江苏省,0.09,82,20200124
90,南宁,广西壮族自治区,0.09,82,20200124
91,临沂,山东省,0.09,82,20200124
92,咸阳,陕西省,0.09,82,20200124
93,怀化,湖南省,0.09,82,20200124
94,铜陵,安徽省,0.09,82,20200124
95,沧州,河北省,0.08,73,20200124
96,湛江,广东省,0.08,73,20200124
97,亳州,安徽省,0.08,73,20200124
98,贵阳,贵州省,0.08,73,20200124
99,安康,陕西省,0.08,73,20200124
0,孝感,湖北省,17.01,5179,20200125
1,黄冈,湖北省,15.93,4850,20200125
2,荆州,湖北省,5.87,1787,20200125
3,咸宁,湖北省,4.74,1443,20200125
4,鄂州,湖北省,4.17,1270,20200125
5,黄石,湖北省,3.42,1041,20200125
6,襄阳,湖北省,3.41,1038,20200125
7,仙桃,湖北省,3.38,1029,20200125
8,荆门,湖北省,3.32,1011,20200125
9,随州,湖北省,3.11,947,20200125
10,宜昌,湖北省,2.79,849,20200125
11,恩施州,湖北省,2.39,728,20200125
12,天门,湖北省,2,609,20200125
13,十堰,湖北省,2,609,20200125
14,信阳,河南省,1.22,371,20200125
15,重庆,重庆,0.92,280,20200125
16,深圳,广东省,0.9,274,20200125
17,潜江,湖北省,0.9,274,20200125
18,广州,广东省,0.68,207,20200125
19,南阳,河南省,0.54,164,20200125
20,商丘,河南省,0.5,152,20200125
21,上海,上海,0.49,149,20200125
22,驻马店,河南省,0.44,134,20200125
23,北京,北京,0.42,128,20200125
24,阜阳,安徽省,0.41,125,20200125
25,徐州,江苏省,0.39,119,20200125
26,长沙,湖南省,0.38,116,20200125
27,岳阳,湖南省,0.35,107,20200125
28,周口,河南省,0.35,107,20200125
29,东莞,广东省,0.33,100,20200125
30,郑州,河南省,0.33,100,20200125
31,南昌,江西省,0.3,91,20200125
32,九江,江西省,0.29,88,20200125
33,安庆,安徽省,0.28,85,20200125
34,成都,四川省,0.26,79,20200125
35,杭州,浙江省,0.25,76,20200125
36,株洲,湖南省,0.23,70,20200125
37,常德,湖南省,0.23,70,20200125
38,苏州,江苏省,0.23,70,20200125
39,惠州,广东省,0.22,67,20200125
40,合肥,安徽省,0.21,64,20200125
41,昆明,云南省,0.21,64,20200125
42,西安,陕西省,0.21,64,20200125
43,台州,浙江省,0.19,58,20200125
44,佛山,广东省,0.19,58,20200125
45,温州,浙江省,0.18,55,20200125
46,珠海,广东省,0.18,55,20200125
47,衡阳,湖南省,0.18,55,20200125
48,益阳,湖南省,0.18,55,20200125
49,三亚,海南省,0.18,55,20200125
50,上饶,江西省,0.17,52,20200125
51,临沂,山东省,0.17,52,20200125
52,福州,福建省,0.16,49,20200125
53,邵阳,湖南省,0.16,49,20200125
54,娄底,湖南省,0.16,49,20200125
55,南京,江苏省,0.15,46,20200125
56,北海,广西壮族自治区,0.15,46,20200125
57,六安,安徽省,0.15,46,20200125
58,海口,海南省,0.14,43,20200125
59,南宁,广西壮族自治区,0.14,43,20200125
60,厦门,福建省,0.13,40,20200125
61,宜春,江西省,0.13,40,20200125
62,漯河,河南省,0.13,40,20200125
63,广安,四川省,0.13,40,20200125
64,贵阳,贵州省,0.12,37,20200125
65,中山,广东省,0.12,37,20200125
66,菏泽,山东省,0.12,37,20200125
67,许昌,河南省,0.12,37,20200125
68,赣州,江西省,0.12,37,20200125
69,泉州,福建省,0.12,37,20200125
70,达州,四川省,0.11,33,20200125
71,宿州,安徽省,0.11,33,20200125
72,桂林,广西壮族自治区,0.11,33,20200125
73,洛阳,河南省,0.11,33,20200125
74,咸阳,陕西省,0.1,30,20200125
75,南充,四川省,0.1,30,20200125
76,郴州,湖南省,0.1,30,20200125
77,吉安,江西省,0.1,30,20200125
78,抚州,江西省,0.09,27,20200125
79,永州,湖南省,0.09,27,20200125
80,芜湖,安徽省,0.09,27,20200125
81,平顶山,河南省,0.09,27,20200125
82,南通,江苏省,0.08,24,20200125
83,安康,陕西省,0.08,24,20200125
84,哈尔滨,黑龙江省,0.08,24,20200125
85,石家庄,河北省,0.08,24,20200125
86,新乡,河南省,0.08,24,20200125
87,天津,天津,0.08,24,20200125
88,亳州,安徽省,0.08,24,20200125
89,天水,甘肃省,0.08,24,20200125
90,湛江,广东省,0.08,24,20200125
91,晋中,山西省,0.08,24,20200125
92,开封,河南省,0.08,24,20200125
93,安阳,河南省,0.08,24,20200125
94,金华,浙江省,0.07,21,20200125
95,铜陵,安徽省,0.07,21,20200125
96,盐城,江苏省,0.07,21,20200125
97,大理,云南省,0.07,21,20200125
98,济宁,山东省,0.07,21,20200125
99,怀化,湖南省,0.07,21,20200125
0,黄冈,湖北省,16.56,2560,20200126
1,孝感,湖北省,16.47,2546,20200126
2,荆州,湖北省,6.11,944,20200126
3,咸宁,湖北省,5.18,801,20200126
4,鄂州,湖北省,4.68,723,20200126
5,襄阳,湖北省,3.53,546,20200126
6,宜昌,湖北省,3.45,533,20200126
7,黄石,湖北省,3.42,529,20200126
8,荆门,湖北省,3.17,490,20200126
9,恩施州,湖北省,2.99,462,20200126
10,仙桃,湖北省,2.82,436,20200126
11,随州,湖北省,2.52,390,20200126
12,十堰,湖北省,2.4,371,20200126
13,天门,湖北省,1.93,298,20200126
14,深圳,广东省,1.39,215,20200126
15,信阳,河南省,1.06,164,20200126
16,潜江,湖北省,0.88,136,20200126
17,南阳,河南省,0.68,105,20200126
18,重庆,重庆,0.64,99,20200126
19,广州,广东省,0.63,97,20200126
20,长沙,湖南省,0.58,90,20200126
21,东莞,广东省,0.52,80,20200126
22,台州,浙江省,0.52,80,20200126
23,上海,上海,0.51,79,20200126
24,岳阳,湖南省,0.51,79,20200126
25,郑州,河南省,0.49,76,20200126
26,北京,北京,0.42,65,20200126
27,商丘,河南省,0.4,62,20200126
28,九江,江西省,0.37,57,20200126
29,驻马店,河南省,0.37,57,20200126
30,昆明,云南省,0.36,56,20200126
31,苏州,江苏省,0.29,45,20200126
32,阜阳,安徽省,0.29,45,20200126
33,成都,四川省,0.29,45,20200126
34,株洲,湖南省,0.28,43,20200126
35,南昌,江西省,0.28,43,20200126
36,周口,河南省,0.28,43,20200126
37,杭州,浙江省,0.26,40,20200126
38,佛山,广东省,0.24,37,20200126
39,安庆,安徽省,0.24,37,20200126
40,常德,湖南省,0.2,31,20200126
41,西安,陕西省,0.19,29,20200126
42,三亚,海南省,0.19,29,20200126
43,合肥,安徽省,0.18,28,20200126
44,益阳,湖南省,0.17,26,20200126
45,徐州,江苏省,0.17,26,20200126
46,惠州,广东省,0.16,25,20200126
47,南京,江苏省,0.15,23,20200126
48,宜春,江西省,0.15,23,20200126
49,福州,福建省,0.14,22,20200126
50,中山,广东省,0.13,20,20200126
51,泉州,福建省,0.12,19,20200126
52,宿州,安徽省,0.12,19,20200126
53,芜湖,安徽省,0.12,19,20200126
54,临沂,山东省,0.12,19,20200126
55,漯河,河南省,0.12,19,20200126
56,上饶,江西省,0.11,17,20200126
57,许昌,河南省,0.11,17,20200126
58,开封,河南省,0.11,17,20200126
59,珠海,广东省,0.11,17,20200126
60,厦门,福建省,0.1,15,20200126
61,衡阳,湖南省,0.1,15,20200126
62,温州,浙江省,0.1,15,20200126
63,江门,广东省,0.1,15,20200126
64,宁波,浙江省,0.1,15,20200126
65,盐城,江苏省,0.1,15,20200126
66,赣州,江西省,0.1,15,20200126
67,抚州,江西省,0.1,15,20200126
68,南充,四川省,0.09,14,20200126
69,新乡,河南省,0.09,14,20200126
70,吉安,江西省,0.09,14,20200126
71,达州,四川省,0.09,14,20200126
72,北海,广西壮族自治区,0.09,14,20200126
73,无锡,江苏省,0.09,14,20200126
74,娄底,湖南省,0.09,14,20200126
75,平顶山,河南省,0.08,12,20200126
76,太原,山西省,0.08,12,20200126
77,邵阳,湖南省,0.08,12,20200126
78,淮安,江苏省,0.08,12,20200126
79,菏泽,山东省,0.08,12,20200126
80,海口,海南省,0.08,12,20200126
81,咸阳,陕西省,0.08,12,20200126
82,永州,湖南省,0.07,11,20200126
83,神农架林区,湖北省,0.07,11,20200126
84,六安,安徽省,0.07,11,20200126
85,沈阳,辽宁省,0.07,11,20200126
86,滁州,安徽省,0.07,11,20200126
87,柳州,广西壮族自治区,0.06,9,20200126
88,南通,江苏省,0.06,9,20200126
89,泰安,山东省,0.06,9,20200126
90,湘西自治州,湖南省,0.06,9,20200126
91,贵阳,贵州省,0.06,9,20200126
92,怀化,湖南省,0.06,9,20200126
93,安阳,河南省,0.06,9,20200126
94,洛阳,河南省,0.06,9,20200126
95,清远,广东省,0.06,9,20200126
96,长春,吉林省,0.06,9,20200126
97,兰州,甘肃省,0.06,9,20200126
98,焦作,河南省,0.06,9,20200126
99,石家庄,河北省,0.06,9,20200126
0,黄冈,湖北省,18.07,1820,20200127
1,孝感,湖北省,16.77,1689,20200127
2,咸宁,湖北省,6.52,657,20200127
3,荆州,湖北省,6.5,655,20200127
4,鄂州,湖北省,4.6,463,20200127
5,宜昌,湖北省,4.49,452,20200127
6,恩施州,湖北省,4.43,446,20200127
7,襄阳,湖北省,3.45,347,20200127
8,十堰,湖北省,3.17,319,20200127
9,荆门,湖北省,2.98,300,20200127
10,仙桃,湖北省,2.98,300,20200127
11,黄石,湖北省,2.92,294,20200127
12,随州,湖北省,2.38,240,20200127
13,天门,湖北省,2.08,209,20200127
14,深圳,广东省,0.95,96,20200127
15,潜江,湖北省,0.95,96,20200127
16,广州,广东省,0.66,66,20200127
17,信阳,河南省,0.64,64,20200127
18,重庆,重庆,0.54,54,20200127
19,上海,上海,0.54,54,20200127
20,岳阳,湖南省,0.54,54,20200127
21,长沙,湖南省,0.5,50,20200127
22,南阳,河南省,0.45,45,20200127
23,郑州,河南省,0.39,39,20200127
24,九江,江西省,0.35,35,20200127
25,阜阳,安徽省,0.34,34,20200127
26,南昌,江西省,0.32,32,20200127
27,南京,江苏省,0.3,30,20200127
28,东莞,广东省,0.29,29,20200127
29,驻马店,河南省,0.28,28,20200127
30,北京,北京,0.27,27,20200127
31,商丘,河南省,0.27,27,20200127
32,安庆,安徽省,0.24,24,20200127
33,合肥,安徽省,0.24,24,20200127
34,苏州,江苏省,0.23,23,20200127
35,周口,河南省,0.21,21,20200127
36,株洲,湖南省,0.2,20,20200127
37,台州,浙江省,0.18,18,20200127
38,昆明,云南省,0.17,17,20200127
39,成都,四川省,0.16,16,20200127
40,惠州,广东省,0.16,16,20200127
41,厦门,福建省,0.15,15,20200127
42,佛山,广东省,0.14,14,20200127
43,六安,安徽省,0.13,13,20200127
44,杭州,浙江省,0.13,13,20200127
45,常德,湖南省,0.12,12,20200127
46,芜湖,安徽省,0.12,12,20200127
47,益阳,湖南省,0.12,12,20200127
48,福州,福建省,0.11,11,20200127
49,衡阳,湖南省,0.1,10,20200127
50,邵阳,湖南省,0.1,10,20200127
51,徐州,江苏省,0.1,10,20200127
52,珠海,广东省,0.09,9,20200127
53,漯河,河南省,0.09,9,20200127
54,临沂,山东省,0.09,9,20200127
55,神农架林区,湖北省,0.09,9,20200127
56,海口,海南省,0.09,9,20200127
57,抚州,江西省,0.08,8,20200127
58,池州,安徽省,0.08,8,20200127
59,咸阳,陕西省,0.08,8,20200127
60,玉林,广西壮族自治区,0.07,7,20200127
61,许昌,河南省,0.07,7,20200127
62,宜春,江西省,0.07,7,20200127
63,柳州,广西壮族自治区,0.07,7,20200127
64,泉州,福建省,0.07,7,20200127
65,三亚,海南省,0.07,7,20200127
66,西安,陕西省,0.07,7,20200127
67,宿州,安徽省,0.06,6,20200127
68,达州,四川省,0.06,6,20200127
69,温州,浙江省,0.06,6,20200127
70,北海,广西壮族自治区,0.06,6,20200127
71,南通,江苏省,0.06,6,20200127
72,邯郸,河北省,0.06,6,20200127
73,菏泽,山东省,0.06,6,20200127
74,青岛,山东省,0.06,6,20200127
75,洛阳,河南省,0.06,6,20200127
76,枣庄,山东省,0.06,6,20200127
77,安康,陕西省,0.06,6,20200127
78,永州,湖南省,0.06,6,20200127
79,保定,河北省,0.06,6,20200127
80,天津,天津,0.06,6,20200127
81,贵阳,贵州省,0.06,6,20200127
82,新乡,河南省,0.05,5,20200127
83,上饶,江西省,0.05,5,20200127
84,马鞍山,安徽省,0.05,5,20200127
85,平顶山,河南省,0.05,5,20200127
86,泰州,江苏省,0.05,5,20200127
87,赤峰,内蒙古自治区,0.05,5,20200127
88,宁波,浙江省,0.05,5,20200127
89,滁州,安徽省,0.05,5,20200127
90,安阳,河南省,0.05,5,20200127
91,南充,四川省,0.04,4,20200127
92,郴州,湖南省,0.04,4,20200127
93,毕节,贵州省,0.04,4,20200127
94,济南,山东省,0.04,4,20200127
95,长春,吉林省,0.04,4,20200127
96,广安,四川省,0.04,4,20200127
97,晋中,山西省,0.04,4,20200127
98,大连,辽宁省,0.04,4,20200127
99,遵义,贵州省,0.04,4,20200127
0,黄冈,湖北省,20.63,1546,20200128
1,孝感,湖北省,16.34,1225,20200128
2,荆州,湖北省,7.35,551,20200128
3,咸宁,湖北省,6.72,504,20200128
4,恩施州,湖北省,5.48,411,20200128
5,宜昌,湖北省,5.19,389,20200128
6,鄂州,湖北省,5.03,377,20200128
7,襄阳,湖北省,3.71,278,20200128
8,十堰,湖北省,3.42,256,20200128
9,黄石,湖北省,3.06,229,20200128
10,荆门,湖北省,2.89,217,20200128
11,仙桃,湖北省,2.77,208,20200128
12,随州,湖北省,2,150,20200128
13,天门,湖北省,1.82,136,20200128
14,潜江,湖北省,0.89,67,20200128
15,长沙,湖南省,0.6,45,20200128
16,信阳,河南省,0.56,42,20200128
17,深圳,广东省,0.52,39,20200128
18,上海,上海,0.49,37,20200128
19,广州,广东省,0.46,34,20200128
20,郑州,河南省,0.45,34,20200128
21,南阳,河南省,0.41,31,20200128
22,重庆,重庆,0.39,29,20200128
23,岳阳,湖南省,0.38,28,20200128
24,九江,江西省,0.33,25,20200128
25,株洲,湖南省,0.25,19,20200128
26,阜阳,安徽省,0.25,19,20200128
27,东莞,广东省,0.24,18,20200128
28,南昌,江西省,0.22,16,20200128
29,北京,北京,0.21,16,20200128
30,南京,江苏省,0.2,15,20200128
31,合肥,安徽省,0.15,11,20200128
32,温州,浙江省,0.14,10,20200128
33,成都,四川省,0.13,10,20200128
34,芜湖,安徽省,0.13,10,20200128
35,苏州,江苏省,0.12,9,20200128
36,驻马店,河南省,0.11,8,20200128
37,昆明,云南省,0.11,8,20200128
38,安庆,安徽省,0.11,8,20200128
39,周口,河南省,0.11,8,20200128
40,商丘,河南省,0.11,8,20200128
41,佛山,广东省,0.1,7,20200128
42,西安,陕西省,0.1,7,20200128
43,杭州,浙江省,0.1,7,20200128
44,神农架林区,湖北省,0.09,7,20200128
45,邵阳,湖南省,0.09,7,20200128
46,汉中,陕西省,0.09,7,20200128
47,厦门,福建省,0.08,6,20200128
48,许昌,河南省,0.08,6,20200128
49,漯河,河南省,0.08,6,20200128
50,常德,湖南省,0.07,5,20200128
51,潍坊,山东省,0.07,5,20200128
52,天津,天津,0.07,5,20200128
53,菏泽,山东省,0.07,5,20200128
54,海口,海南省,0.07,5,20200128
55,达州,四川省,0.06,4,20200128
56,吉安,江西省,0.06,4,20200128
57,珠海,广东省,0.06,4,20200128
58,湘潭,湖南省,0.06,4,20200128
59,惠州,广东省,0.06,4,20200128
60,泉州,福建省,0.06,4,20200128
61,宁波,浙江省,0.06,4,20200128
62,沈阳,辽宁省,0.06,4,20200128
63,咸阳,陕西省,0.06,4,20200128
64,衡阳,湖南省,0.05,4,20200128
65,扬州,江苏省,0.05,4,20200128
66,德州,山东省,0.05,4,20200128
67,南宁,广西壮族自治区,0.05,4,20200128
68,铜陵,安徽省,0.05,4,20200128
69,开封,河南省,0.05,4,20200128
70,益阳,湖南省,0.04,3,20200128
71,三门峡,河南省,0.04,3,20200128
72,上饶,江西省,0.04,3,20200128
73,长春,吉林省,0.04,3,20200128
74,邢台,河北省,0.04,3,20200128
75,焦作,河南省,0.04,3,20200128
76,赣州,江西省,0.04,3,20200128
77,抚州,江西省,0.04,3,20200128
78,南通,江苏省,0.04,3,20200128
79,中山,广东省,0.04,3,20200128
80,邯郸,河北省,0.04,3,20200128
81,六安,安徽省,0.04,3,20200128
82,滨州,山东省,0.04,3,20200128
83,天水,甘肃省,0.04,3,20200128
84,金华,浙江省,0.04,3,20200128
85,三亚,海南省,0.04,3,20200128
86,沧州,河北省,0.04,3,20200128
87,青岛,山东省,0.04,3,20200128
88,澄迈,海南省,0.04,3,20200128
89,嘉兴,浙江省,0.04,3,20200128
90,石家庄,河北省,0.04,3,20200128
91,景德镇,江西省,0.03,2,20200128
92,牡丹江,黑龙江省,0.03,2,20200128
93,哈尔滨,黑龙江省,0.03,2,20200128
94,台州,浙江省,0.03,2,20200128
95,永州,湖南省,0.03,2,20200128
96,临沂,山东省,0.03,2,20200128
97,平顶山,河南省,0.03,2,20200128
98,盐城,江苏省,0.03,2,20200128
99,唐山,河北省,0.03,2,20200128
0,黄冈,湖北省,21.65,1318,20200129
1,孝感,湖北省,17,1035,20200129
2,咸宁,湖北省,7.62,464,20200129
3,荆州,湖北省,7.11,433,20200129
4,恩施州,湖北省,6.42,391,20200129
5,宜昌,湖北省,5.73,349,20200129
6,鄂州,湖北省,5.27,321,20200129
7,十堰,湖北省,3.56,217,20200129
8,襄阳,湖北省,3.33,203,20200129
9,黄石,湖北省,3.2,195,20200129
10,荆门,湖北省,2.74,167,20200129
11,仙桃,湖北省,2.64,161,20200129
12,天门,湖北省,2.17,132,20200129
13,随州,湖北省,1.57,96,20200129
14,潜江,湖北省,0.86,52,20200129
15,深圳,广东省,0.55,33,20200129
16,郑州,河南省,0.55,33,20200129
17,信阳,河南省,0.42,26,20200129
18,长沙,湖南省,0.4,24,20200129
19,南阳,河南省,0.35,21,20200129
20,南京,江苏省,0.34,21,20200129
21,岳阳,湖南省,0.33,20,20200129
22,重庆,重庆,0.32,19,20200129
23,南昌,江西省,0.28,17,20200129
24,九江,江西省,0.28,17,20200129
25,东莞,广东省,0.26,16,20200129
26,株洲,湖南省,0.24,15,20200129
27,广州,广东省,0.23,14,20200129
28,上海,上海,0.19,12,20200129
29,北京,北京,0.13,8,20200129
30,阜阳,安徽省,0.13,8,20200129
31,芜湖,安徽省,0.12,7,20200129
32,神农架林区,湖北省,0.12,7,20200129
33,潍坊,山东省,0.12,7,20200129
34,苏州,江苏省,0.09,5,20200129
35,昆明,云南省,0.08,5,20200129
36,合肥,安徽省,0.08,5,20200129
37,台州,浙江省,0.07,4,20200129
38,许昌,河南省,0.07,4,20200129
39,宜春,江西省,0.07,4,20200129
40,洛阳,河南省,0.06,4,20200129
41,常德,湖南省,0.06,4,20200129
42,驻马店,河南省,0.06,4,20200129
43,佛山,广东省,0.06,4,20200129
44,池州,安徽省,0.06,4,20200129
45,西安,陕西省,0.06,4,20200129
46,马鞍山,安徽省,0.04,2,20200129
47,安庆,安徽省,0.04,2,20200129
48,无锡,江苏省,0.04,2,20200129
49,淮安,江苏省,0.04,2,20200129
50,徐州,江苏省,0.04,2,20200129
51,宁波,浙江省,0.04,2,20200129
52,怀化,湖南省,0.04,2,20200129
53,成都,四川省,0.03,2,20200129
54,厦门,福建省,0.03,2,20200129
55,广安,四川省,0.03,2,20200129
56,朔州,山西省,0.03,2,20200129
57,盐城,江苏省,0.03,2,20200129
58,宣城,安徽省,0.03,2,20200129
59,惠州,广东省,0.03,2,20200129
60,周口,河南省,0.03,2,20200129
61,泉州,福建省,0.03,2,20200129
62,三亚,海南省,0.03,2,20200129
63,漯河,河南省,0.03,2,20200129
64,沈阳,辽宁省,0.03,2,20200129
65,青岛,山东省,0.03,2,20200129
66,石家庄,河北省,0.03,2,20200129
67,安阳,河南省,0.03,2,20200129
68,福州,福建省,0.03,2,20200129
69,杭州,浙江省,0.03,2,20200129
70,娄底,湖南省,0.03,2,20200129
71,安康,陕西省,0.02,1,20200129
72,长春,吉林省,0.02,1,20200129
73,永州,湖南省,0.02,1,20200129
74,温州,浙江省,0.02,1,20200129
75,临沂,山东省,0.02,1,20200129
76,内江,四川省,0.02,1,20200129
77,茂名,广东省,0.02,1,20200129
78,绍兴,浙江省,0.02,1,20200129
79,衢州,浙江省,0.02,1,20200129
80,镇江,江苏省,0.02,1,20200129
81,濮阳,河南省,0.02,1,20200129
82,邵阳,湖南省,0.02,1,20200129
83,廊坊,河北省,0.02,1,20200129
84,珠海,广东省,0.02,1,20200129
85,绥化,黑龙江省,0.02,1,20200129
86,太原,山西省,0.02,1,20200129
87,铜陵,安徽省,0.02,1,20200129
88,六安,安徽省,0.02,1,20200129
89,济宁,山东省,0.02,1,20200129
90,滨州,山东省,0.02,1,20200129
91,汕尾,广东省,0.02,1,20200129
92,张家口,河北省,0.02,1,20200129
93,金华,浙江省,0.02,1,20200129
94,陇南,甘肃省,0.02,1,20200129
95,沧州,河北省,0.02,1,20200129
96,自贡,四川省,0.02,1,20200129
97,晋城,山西省,0.02,1,20200129
98,嘉兴,浙江省,0.02,1,20200129
99,贵阳,贵州省,0.02,1,20200129
0,黄冈,湖北省,22.7,1276,20200130
1,孝感,湖北省,16.36,920,20200130
2,咸宁,湖北省,7.57,425,20200130
3,荆州,湖北省,7.19,404,20200130
4,恩施州,湖北省,6.58,370,20200130
5,宜昌,湖北省,5.65,318,20200130
6,鄂州,湖北省,5.54,311,20200130
7,襄阳,湖北省,3.68,207,20200130
8,十堰,湖北省,3.62,203,20200130
9,荆门,湖北省,3,169,20200130
10,仙桃,湖北省,2.89,162,20200130
11,黄石,湖北省,2.87,161,20200130
12,天门,湖北省,1.9,107,20200130
13,随州,湖北省,1.38,78,20200130
14,潜江,湖北省,1.01,57,20200130
15,长沙,湖南省,0.38,21,20200130
16,株洲,湖南省,0.35,20,20200130
17,岳阳,湖南省,0.35,20,20200130
18,信阳,河南省,0.31,17,20200130
19,南阳,河南省,0.3,17,20200130
20,南昌,江西省,0.29,16,20200130
21,九江,江西省,0.27,15,20200130
22,广州,广东省,0.26,15,20200130
23,重庆,重庆,0.23,13,20200130
24,郑州,河南省,0.23,13,20200130
25,深圳,广东省,0.19,11,20200130
26,南京,江苏省,0.15,8,20200130
27,苏州,江苏省,0.14,8,20200130
28,西安,陕西省,0.14,8,20200130
29,成都,四川省,0.13,7,20200130
30,东莞,广东省,0.13,7,20200130
31,芜湖,安徽省,0.11,6,20200130
32,盐城,江苏省,0.11,6,20200130
33,镇江,江苏省,0.11,6,20200130
34,惠州,广东省,0.11,6,20200130
35,阜阳,安徽省,0.11,6,20200130
36,驻马店,河南省,0.1,6,20200130
37,温州,浙江省,0.09,5,20200130
38,安庆,安徽省,0.09,5,20200130
39,上海,上海,0.09,5,20200130
40,北京,北京,0.07,4,20200130
41,漯河,河南省,0.07,4,20200130
42,石家庄,河北省,0.07,4,20200130
43,衡阳,湖南省,0.06,3,20200130
44,神农架林区,湖北省,0.06,3,20200130
45,邵阳,湖南省,0.06,3,20200130
46,合肥,安徽省,0.06,3,20200130
47,平顶山,河南省,0.05,3,20200130
48,许昌,河南省,0.05,3,20200130
49,湘西自治州,湖南省,0.05,3,20200130
50,池州,安徽省,0.05,3,20200130
51,天津,天津,0.05,3,20200130
52,沈阳,辽宁省,0.05,3,20200130
53,杭州,浙江省,0.05,3,20200130
54,济南,山东省,0.03,2,20200130
55,宜宾,四川省,0.03,2,20200130
56,扬州,江苏省,0.03,2,20200130
57,宜春,江西省,0.03,2,20200130
58,南通,江苏省,0.03,2,20200130
59,漳州,福建省,0.03,2,20200130
60,青岛,山东省,0.03,2,20200130
61,嘉兴,浙江省,0.03,2,20200130
62,铜仁,贵州省,0.03,2,20200130
63,怀化,湖南省,0.03,2,20200130
64,常州,江苏省,0.03,2,20200130
65,常德,湖南省,0.02,1,20200130
66,呼和浩特,内蒙古自治区,0.02,1,20200130
67,南平,福建省,0.02,1,20200130
68,宿州,安徽省,0.02,1,20200130
69,台州,浙江省,0.02,1,20200130
70,新余,江西省,0.02,1,20200130
71,辽阳,辽宁省,0.02,1,20200130
72,永州,湖南省,0.02,1,20200130
73,兰州,甘肃省,0.02,1,20200130
74,茂名,广东省,0.02,1,20200130
75,绍兴,浙江省,0.02,1,20200130
76,衡水,河北省,0.02,1,20200130
77,防城港,广西壮族自治区,0.02,1,20200130
78,衢州,浙江省,0.02,1,20200130
79,赣州,江西省,0.02,1,20200130
80,锡林郭勒盟,内蒙古自治区,0.02,1,20200130
81,廊坊,河北省,0.02,1,20200130
82,保定,河北省,0.02,1,20200130
83,无锡,江苏省,0.02,1,20200130
84,珠海,广东省,0.02,1,20200130
85,潍坊,山东省,0.02,1,20200130
86,金华,浙江省,0.02,1,20200130
87,贵阳,贵州省,0.02,1,20200130
88,日喀则,西藏自治区,0.02,1,20200130
89,汉中,陕西省,0.02,1,20200130
90,商丘,河南省,0.02,1,20200130
91,安阳,河南省,0.02,1,20200130
92,福州,福建省,0.02,1,20200130
93,洛阳,河南省,0.01,1,20200130
94,景德镇,江西省,0.01,1,20200130
95,牡丹江,黑龙江省,0.01,1,20200130
96,益阳,湖南省,0.01,1,20200130
97,三门峡,河南省,0.01,1,20200130
98,连云港,江苏省,0.01,1,20200130
99,安康,陕西省,0.01,1,20200130
0,黄冈,湖北省,22.48,1264,20200131
1,孝感,湖北省,16.55,930,20200131
2,咸宁,湖北省,7.39,415,20200131
3,荆州,湖北省,6.54,368,20200131
4,恩施州,湖北省,6.43,361,20200131
5,宜昌,湖北省,6,337,20200131
6,鄂州,湖北省,5.89,331,20200131
7,十堰,湖北省,4.03,227,20200131
8,襄阳,湖北省,3.21,180,20200131
9,荆门,湖北省,3.09,174,20200131
10,黄石,湖北省,2.87,161,20200131
11,仙桃,湖北省,2.86,161,20200131
12,天门,湖北省,1.99,112,20200131
13,随州,湖北省,1.5,84,20200131
14,潜江,湖北省,0.76,43,20200131
15,长沙,湖南省,0.46,26,20200131
16,株洲,湖南省,0.39,22,20200131
17,郑州,河南省,0.39,22,20200131
18,南阳,河南省,0.36,20,20200131
19,九江,江西省,0.3,17,20200131
20,南京,江苏省,0.28,16,20200131
21,重庆,重庆,0.28,16,20200131
22,南昌,江西省,0.27,15,20200131
23,广州,广东省,0.27,15,20200131
24,信阳,河南省,0.24,13,20200131
25,阜阳,安徽省,0.24,13,20200131
26,深圳,广东省,0.21,12,20200131
27,北京,北京,0.2,11,20200131
28,岳阳,湖南省,0.17,10,20200131
29,上海,上海,0.15,8,20200131
30,芜湖,安徽省,0.12,7,20200131
31,东莞,广东省,0.1,6,20200131
32,成都,四川省,0.09,5,20200131
33,安庆,安徽省,0.09,5,20200131
34,惠州,广东省,0.09,5,20200131
35,长春,吉林省,0.08,4,20200131
36,佛山,广东省,0.08,4,20200131
37,六安,安徽省,0.08,4,20200131
38,天津,天津,0.08,4,20200131
39,潮州,广东省,0.06,3,20200131
40,衡阳,湖南省,0.06,3,20200131
41,神农架林区,湖北省,0.06,3,20200131
42,镇江,江苏省,0.06,3,20200131
43,苏州,江苏省,0.06,3,20200131
44,汕头,广东省,0.06,3,20200131
45,湘潭,湖南省,0.06,3,20200131
46,三门峡,河南省,0.05,3,20200131
47,驻马店,河南省,0.05,3,20200131
48,茂名,广东省,0.05,3,20200131
49,扬州,江苏省,0.05,3,20200131
50,衢州,浙江省,0.05,3,20200131
51,漳州,福建省,0.05,3,20200131
52,宁波,浙江省,0.05,3,20200131
53,杭州,浙江省,0.05,3,20200131
54,咸阳,陕西省,0.05,3,20200131
55,常德,湖南省,0.04,2,20200131
56,益阳,湖南省,0.04,2,20200131
57,达州,四川省,0.04,2,20200131
58,温州,浙江省,0.04,2,20200131
59,临沂,山东省,0.04,2,20200131
60,湛江,广东省,0.04,2,20200131
61,湘西自治州,湖南省,0.04,2,20200131
62,合肥,安徽省,0.04,2,20200131
63,邯郸,河北省,0.04,2,20200131
64,济宁,山东省,0.04,2,20200131
65,金华,浙江省,0.04,2,20200131
66,西安,陕西省,0.04,2,20200131
67,漯河,河南省,0.04,2,20200131
68,石家庄,河北省,0.04,2,20200131
69,商丘,河南省,0.04,2,20200131
70,福州,福建省,0.04,2,20200131
71,南充,四川省,0.02,1,20200131
72,乌兰察布,内蒙古自治区,0.02,1,20200131
73,黔西南州,贵州省,0.02,1,20200131
74,郴州,湖南省,0.02,1,20200131
75,呼和浩特,内蒙古自治区,0.02,1,20200131
76,台州,浙江省,0.02,1,20200131
77,马鞍山,安徽省,0.02,1,20200131
78,平顶山,河南省,0.02,1,20200131
79,张家界,湖南省,0.02,1,20200131
80,舟山,浙江省,0.02,1,20200131
81,唐山,河北省,0.02,1,20200131
82,焦作,河南省,0.02,1,20200131
83,许昌,河南省,0.02,1,20200131
84,宜春,江西省,0.02,1,20200131
85,赣州,江西省,0.02,1,20200131
86,大同,山西省,0.02,1,20200131
87,无锡,江苏省,0.02,1,20200131
88,珠海,广东省,0.02,1,20200131
89,南宁,广西壮族自治区,0.02,1,20200131
90,乐山,四川省,0.02,1,20200131
91,红河,云南省,0.02,1,20200131
92,菏泽,山东省,0.02,1,20200131
93,嘉兴,浙江省,0.02,1,20200131
94,怀化,湖南省,0.02,1,20200131
95,常州,江苏省,0.02,1,20200131
96,洛阳,河南省,0.01,1,20200131
97,新乡,河南省,0.01,1,20200131
98,哈尔滨,黑龙江省,0.01,1,20200131
99,连云港,江苏省,0.01,1,20200131
0,黄冈,湖北省,21.89,1230,20200201
1,孝感,湖北省,17.52,985,20200201
2,咸宁,湖北省,7.07,397,20200201
3,荆州,湖北省,6.65,374,20200201
4,恩施州,湖北省,6.51,366,20200201
5,鄂州,湖北省,6.2,348,20200201
6,宜昌,湖北省,5.78,325,20200201
7,十堰,湖北省,3.77,212,20200201
8,襄阳,湖北省,3.73,210,20200201
9,黄石,湖北省,3.22,181,20200201
10,仙桃,湖北省,3.13,176,20200201
11,荆门,湖北省,2.39,134,20200201
12,天门,湖北省,2.24,126,20200201
13,随州,湖北省,1.81,102,20200201
14,潜江,湖北省,0.83,47,20200201
15,郑州,河南省,0.33,19,20200201
16,信阳,河南省,0.31,17,20200201
17,岳阳,湖南省,0.3,17,20200201
18,株洲,湖南省,0.28,16,20200201
19,长沙,湖南省,0.27,15,20200201
20,深圳,广东省,0.23,13,20200201
21,芜湖,安徽省,0.22,12,20200201
22,南阳,河南省,0.22,12,20200201
23,南昌,江西省,0.2,11,20200201
24,上海,上海,0.2,11,20200201
25,合肥,安徽省,0.19,11,20200201
26,重庆,重庆,0.17,10,20200201
27,北京,北京,0.17,10,20200201
28,九江,江西省,0.17,10,20200201
29,广州,广东省,0.15,8,20200201
30,阜阳,安徽省,0.15,8,20200201
31,南京,江苏省,0.11,6,20200201
32,神农架林区,湖北省,0.11,6,20200201
33,衡阳,湖南省,0.09,5,20200201
34,镇江,江苏省,0.09,5,20200201
35,西安,陕西省,0.09,5,20200201
36,菏泽,山东省,0.08,4,20200201
37,石家庄,河北省,0.08,4,20200201
38,成都,四川省,0.06,3,20200201
39,常德,湖南省,0.06,3,20200201
40,安庆,安徽省,0.06,3,20200201
41,洛阳,河南省,0.05,3,20200201
42,东莞,广东省,0.05,3,20200201
43,永州,湖南省,0.05,3,20200201
44,临沂,山东省,0.05,3,20200201
45,邵阳,湖南省,0.05,3,20200201
46,无锡,江苏省,0.05,3,20200201
47,惠州,广东省,0.05,3,20200201
48,池州,安徽省,0.05,3,20200201
49,邯郸,河北省,0.05,3,20200201
50,潍坊,山东省,0.05,3,20200201
51,宁波,浙江省,0.05,3,20200201
52,驻马店,河南省,0.04,2,20200201
53,长春,吉林省,0.04,2,20200201
54,台州,浙江省,0.04,2,20200201
55,盐城,江苏省,0.04,2,20200201
56,扬州,江苏省,0.04,2,20200201
57,许昌,河南省,0.04,2,20200201
58,苏州,江苏省,0.04,2,20200201
59,中山,广东省,0.04,2,20200201
60,张家口,河北省,0.04,2,20200201
61,商丘,河南省,0.04,2,20200201
62,郴州,湖南省,0.02,1,20200201
63,新乡,河南省,0.02,1,20200201
64,益阳,湖南省,0.02,1,20200201
65,呼和浩特,内蒙古自治区,0.02,1,20200201
66,安康,陕西省,0.02,1,20200201
67,济南,山东省,0.02,1,20200201
68,鹤岗,黑龙江省,0.02,1,20200201
69,钦州,广西壮族自治区,0.02,1,20200201
70,内江,四川省,0.02,1,20200201
71,朔州,山西省,0.02,1,20200201
72,兰州,甘肃省,0.02,1,20200201
73,韶关,广东省,0.02,1,20200201
74,赤峰,内蒙古自治区,0.02,1,20200201
75,茂名,广东省,0.02,1,20200201
76,汕头,广东省,0.02,1,20200201
77,宿迁,江苏省,0.02,1,20200201
78,周口,河南省,0.02,1,20200201
79,淄博,山东省,0.02,1,20200201
80,六安,安徽省,0.02,1,20200201
81,天津,天津,0.02,1,20200201
82,海口,海南省,0.02,1,20200201
83,曲靖,云南省,0.02,1,20200201
84,福州,福建省,0.02,1,20200201
85,亳州,安徽省,0.02,1,20200201
86,杭州,浙江省,0.02,1,20200201
87,娄底,湖南省,0.02,1,20200201
88,莆田,福建省,0.02,1,20200201
89,潮州,广东省,0.01,1,20200201
90,文山,云南省,0.01,1,20200201
91,巴彦淖尔,内蒙古自治区,0.01,1,20200201
92,三门峡,河南省,0.01,1,20200201
93,枣庄,山东省,0.01,1,20200201
94,连云港,江苏省,0.01,1,20200201
95,琼海,海南省,0.01,1,20200201
96,宜宾,四川省,0.01,1,20200201
97,达州,四川省,0.01,1,20200201
98,大理,云南省,0.01,1,20200201
99,温州,浙江省,0.01,1,20200201
0,黄冈,湖北省,21.04,2267,20200202
1,孝感,湖北省,15.09,1626,20200202
2,荆州,湖北省,8.73,941,20200202
3,恩施州,湖北省,7.1,765,20200202
4,咸宁,湖北省,6.7,722,20200202
5,宜昌,湖北省,5.7,614,20200202
6,十堰,湖北省,5.15,555,20200202
7,鄂州,湖北省,4.99,538,20200202
8,襄阳,湖北省,4.14,446,20200202
9,荆门,湖北省,3.47,374,20200202
10,黄石,湖北省,3.03,326,20200202
11,仙桃,湖北省,2.79,301,20200202
12,天门,湖北省,2.75,296,20200202
13,随州,湖北省,2.2,237,20200202
14,潜江,湖北省,1.2,129,20200202
15,南阳,河南省,0.54,58,20200202
16,郑州,河南省,0.24,26,20200202
17,重庆,重庆,0.23,25,20200202
18,株洲,湖南省,0.21,23,20200202
19,岳阳,湖南省,0.18,19,20200202
20,深圳,广东省,0.16,17,20200202
21,信阳,河南省,0.16,17,20200202
22,九江,江西省,0.16,17,20200202
23,长沙,湖南省,0.15,16,20200202
24,阜阳,安徽省,0.12,13,20200202
25,南昌,江西省,0.11,12,20200202
26,上海,上海,0.11,12,20200202
27,北京,北京,0.11,12,20200202
28,南京,江苏省,0.1,11,20200202
29,广州,广东省,0.1,11,20200202
30,东莞,广东省,0.09,10,20200202
31,合肥,安徽省,0.08,9,20200202
32,神农架林区,湖北省,0.07,8,20200202
33,西安,陕西省,0.07,8,20200202
34,驻马店,河南省,0.06,6,20200202
35,六安,安徽省,0.06,6,20200202
36,苏州,江苏省,0.05,5,20200202
37,无锡,江苏省,0.05,5,20200202
38,杭州,浙江省,0.05,5,20200202
39,许昌,河南省,0.04,4,20200202
40,延安,陕西省,0.04,4,20200202
41,周口,河南省,0.04,4,20200202
42,临汾,山西省,0.04,4,20200202
43,厦门,福建省,0.04,4,20200202
44,衡阳,湖南省,0.04,4,20200202
45,佛山,广东省,0.04,4,20200202
46,安庆,安徽省,0.04,4,20200202
47,常德,湖南省,0.03,3,20200202
48,枣庄,山东省,0.03,3,20200202
49,安康,陕西省,0.03,3,20200202
50,马鞍山,安徽省,0.03,3,20200202
51,盐城,江苏省,0.03,3,20200202
52,德州,山东省,0.03,3,20200202
53,天津,天津,0.03,3,20200202
54,毕节,贵州省,0.02,2,20200202
55,上饶,江西省,0.02,2,20200202
56,新余,江西省,0.02,2,20200202
57,温州,浙江省,0.02,2,20200202
58,大连,辽宁省,0.02,2,20200202
59,廊坊,河北省,0.02,2,20200202
60,保定,河北省,0.02,2,20200202
61,惠州,广东省,0.02,2,20200202
62,济宁,山东省,0.02,2,20200202
63,商丘,河南省,0.02,2,20200202
64,福州,福建省,0.02,2,20200202
65,洛阳,河南省,0.02,2,20200202
66,宿州,安徽省,0.02,2,20200202
67,芜湖,安徽省,0.02,2,20200202
68,永州,湖南省,0.02,2,20200202
69,临沂,山东省,0.02,2,20200202
70,兰州,甘肃省,0.02,2,20200202
71,吉安,江西省,0.02,2,20200202
72,昆明,云南省,0.02,2,20200202
73,镇江,江苏省,0.02,2,20200202
74,湘潭,湖南省,0.02,2,20200202
75,太原,山西省,0.02,2,20200202
76,湘西自治州,湖南省,0.02,2,20200202
77,潍坊,山东省,0.02,2,20200202
78,沈阳,辽宁省,0.02,2,20200202
79,安阳,河南省,0.02,2,20200202
80,娄底,湖南省,0.02,2,20200202
81,成都,四川省,0.01,1,20200202
82,景德镇,江西省,0.01,1,20200202
83,郴州,湖南省,0.01,1,20200202
84,琼海,海南省,0.01,1,20200202
85,济南,山东省,0.01,1,20200202
86,达州,四川省,0.01,1,20200202
87,台州,浙江省,0.01,1,20200202
88,平顶山,河南省,0.01,1,20200202
89,桂林,广西壮族自治区,0.01,1,20200202
90,赤峰,内蒙古自治区,0.01,1,20200202
91,防城港,广西壮族自治区,0.01,1,20200202
92,绵阳,四川省,0.01,1,20200202
93,吕梁,山西省,0.01,1,20200202
94,忻州,山西省,0.01,1,20200202
95,吉林,吉林省,0.01,1,20200202
96,南通,江苏省,0.01,1,20200202
97,珠海,广东省,0.01,1,20200202
98,南宁,广西壮族自治区,0.01,1,20200202
99,中山,广东省,0.01,1,20200202
0,黄冈,湖北省,23.42,1152,20200203
1,孝感,湖北省,20.21,994,20200203
2,鄂州,湖北省,7.84,386,20200203
3,咸宁,湖北省,7.74,381,20200203
4,荆州,湖北省,5.13,252,20200203
5,恩施州,湖北省,4.82,237,20200203
6,宜昌,湖北省,4.81,237,20200203
7,黄石,湖北省,3.17,156,20200203
8,仙桃,湖北省,3.06,150,20200203
9,襄阳,湖北省,2.65,130,20200203
10,十堰,湖北省,2.21,109,20200203
11,荆门,湖北省,1.67,82,20200203
12,随州,湖北省,1.58,78,20200203
13,天门,湖北省,1.4,69,20200203
14,潜江,湖北省,0.87,43,20200203
15,信阳,河南省,0.36,18,20200203
16,株洲,湖南省,0.35,17,20200203
17,深圳,广东省,0.35,17,20200203
18,郑州,河南省,0.35,17,20200203
19,岳阳,湖南省,0.35,17,20200203
20,南昌,江西省,0.27,13,20200203
21,南阳,河南省,0.27,13,20200203
22,安庆,安徽省,0.24,12,20200203
23,九江,江西省,0.24,12,20200203
24,重庆,重庆,0.21,10,20200203
25,长沙,湖南省,0.19,9,20200203
26,阜阳,安徽省,0.19,9,20200203
27,东莞,广东省,0.18,9,20200203
28,南京,江苏省,0.15,7,20200203
29,广州,广东省,0.15,7,20200203
30,苏州,江苏省,0.13,6,20200203
31,北京,北京,0.13,6,20200203
32,徐州,江苏省,0.13,6,20200203
33,芜湖,安徽省,0.12,6,20200203
34,台州,浙江省,0.1,5,20200203
35,合肥,安徽省,0.1,5,20200203
36,西安,陕西省,0.1,5,20200203
37,成都,四川省,0.09,4,20200203
38,池州,安徽省,0.09,4,20200203
39,德阳,四川省,0.09,4,20200203
40,杭州,浙江省,0.09,4,20200203
41,驻马店,河南省,0.07,3,20200203
42,衡阳,湖南省,0.07,3,20200203
43,盐城,江苏省,0.07,3,20200203
44,茂名,广东省,0.07,3,20200203
45,许昌,河南省,0.07,3,20200203
46,抚州,江西省,0.07,3,20200203
47,上海,上海,0.07,3,20200203
48,宁波,浙江省,0.07,3,20200203
49,咸阳,陕西省,0.07,3,20200203
50,常德,湖南省,0.06,3,20200203
51,榆林,陕西省,0.06,3,20200203
52,济南,山东省,0.06,3,20200203
53,邵阳,湖南省,0.06,3,20200203
54,保定,河北省,0.06,3,20200203
55,汕头,广东省,0.06,3,20200203
56,南宁,广西壮族自治区,0.06,3,20200203
57,运城,山西省,0.06,3,20200203
58,六安,安徽省,0.06,3,20200203
59,天水,甘肃省,0.06,3,20200203
60,石家庄,河北省,0.06,3,20200203
61,福州,福建省,0.06,3,20200203
62,哈尔滨,黑龙江省,0.04,2,20200203
63,上饶,江西省,0.04,2,20200203
64,达州,四川省,0.04,2,20200203
65,张家界,湖南省,0.04,2,20200203
66,桂林,广西壮族自治区,0.04,2,20200203
67,昆明,云南省,0.04,2,20200203
68,宜春,江西省,0.04,2,20200203
69,镇江,江苏省,0.04,2,20200203
70,珠海,广东省,0.04,2,20200203
71,铜陵,安徽省,0.04,2,20200203
72,佳木斯,黑龙江省,0.04,2,20200203
73,邯郸,河北省,0.04,2,20200203
74,淄博,山东省,0.04,2,20200203
75,梧州,广西壮族自治区,0.04,2,20200203
76,新乡,河南省,0.03,1,20200203
77,益阳,湖南省,0.03,1,20200203
78,安康,陕西省,0.03,1,20200203
79,厦门,福建省,0.03,1,20200203
80,平顶山,河南省,0.03,1,20200203
81,晋中,山西省,0.03,1,20200203
82,庆阳,甘肃省,0.03,1,20200203
83,舟山,浙江省,0.03,1,20200203
84,神农架林区,湖北省,0.03,1,20200203
85,绍兴,浙江省,0.03,1,20200203
86,吕梁,山西省,0.03,1,20200203
87,濮阳,河南省,0.03,1,20200203
88,宣城,安徽省,0.03,1,20200203
89,吉林,吉林省,0.03,1,20200203
90,无锡,江苏省,0.03,1,20200203
91,宿迁,江苏省,0.03,1,20200203
92,湛江,广东省,0.03,1,20200203
93,湘潭,湖南省,0.03,1,20200203
94,湘西自治州,湖南省,0.03,1,20200203
95,漳州,福建省,0.03,1,20200203
96,楚雄,云南省,0.03,1,20200203
97,中山,广东省,0.03,1,20200203
98,周口,河南省,0.03,1,20200203
99,定西,甘肃省,0.03,1,20200203
0,黄冈,湖北省,23.86,1285,20200204
1,孝感,湖北省,19.55,1053,20200204
2,咸宁,湖北省,7.69,414,20200204
3,鄂州,湖北省,6.99,377,20200204
4,荆州,湖北省,5.59,301,20200204
5,恩施州,湖北省,5.52,297,20200204
6,宜昌,湖北省,4.73,255,20200204
7,襄阳,湖北省,3.1,167,20200204
8,仙桃,湖北省,2.91,157,20200204
9,黄石,湖北省,2.9,156,20200204
10,十堰,湖北省,2.51,135,20200204
11,荆门,湖北省,2.27,122,20200204
12,随州,湖北省,1.55,83,20200204
13,天门,湖北省,1.19,64,20200204
14,潜江,湖北省,0.62,33,20200204
15,信阳,河南省,0.48,26,20200204
16,郑州,河南省,0.4,22,20200204
17,株洲,湖南省,0.38,20,20200204
18,岳阳,湖南省,0.37,20,20200204
19,南昌,江西省,0.31,17,20200204
20,深圳,广东省,0.31,17,20200204
21,九江,江西省,0.26,14,20200204
22,重庆,重庆,0.23,12,20200204
23,南阳,河南省,0.19,10,20200204
24,芜湖,安徽省,0.18,10,20200204
25,广州,广东省,0.16,9,20200204
26,神农架林区,湖北省,0.15,8,20200204
27,苏州,江苏省,0.15,8,20200204
28,北京,北京,0.15,8,20200204
29,长沙,湖南省,0.15,8,20200204
30,南京,江苏省,0.13,7,20200204
31,东莞,广东省,0.13,7,20200204
32,合肥,安徽省,0.13,7,20200204
33,上海,上海,0.12,6,20200204
34,新乡,河南省,0.09,5,20200204
35,菏泽,山东省,0.09,5,20200204
36,三门峡,河南省,0.08,4,20200204
37,驻马店,河南省,0.08,4,20200204
38,衡阳,湖南省,0.08,4,20200204
39,赤峰,内蒙古自治区,0.08,4,20200204
40,六安,安徽省,0.08,4,20200204
41,天津,天津,0.08,4,20200204
42,常德,湖南省,0.06,3,20200204
43,三明,福建省,0.06,3,20200204
44,廊坊,河北省,0.06,3,20200204
45,无锡,江苏省,0.06,3,20200204
46,潍坊,山东省,0.06,3,20200204
47,杭州,浙江省,0.06,3,20200204
48,长春,吉林省,0.05,3,20200204
49,临沂,山东省,0.05,3,20200204
50,惠州,广东省,0.05,3,20200204
51,池州,安徽省,0.05,3,20200204
52,西安,陕西省,0.05,3,20200204
53,商丘,河南省,0.05,3,20200204
54,成都,四川省,0.04,2,20200204
55,台州,浙江省,0.04,2,20200204
56,佛山,广东省,0.04,2,20200204
57,茂名,广东省,0.04,2,20200204
58,昆明,云南省,0.04,2,20200204
59,安庆,安徽省,0.04,2,20200204
60,南宁,广西壮族自治区,0.04,2,20200204
61,湘西自治州,湖南省,0.04,2,20200204
62,邯郸,河北省,0.04,2,20200204
63,金华,浙江省,0.04,2,20200204
64,滁州,安徽省,0.04,2,20200204
65,贵阳,贵州省,0.04,2,20200204
66,石家庄,河北省,0.04,2,20200204
67,阜阳,安徽省,0.04,2,20200204
68,洛阳,河南省,0.02,1,20200204
69,南充,四川省,0.02,1,20200204
70,益阳,湖南省,0.02,1,20200204
71,济南,山东省,0.02,1,20200204
72,温州,浙江省,0.02,1,20200204
73,广安,四川省,0.02,1,20200204
74,内江,四川省,0.02,1,20200204
75,兰州,甘肃省,0.02,1,20200204
76,韶关,广东省,0.02,1,20200204
77,泸州,四川省,0.02,1,20200204
78,唐山,河北省,0.02,1,20200204
79,绵阳,四川省,0.02,1,20200204
80,许昌,河南省,0.02,1,20200204
81,遵义,贵州省,0.02,1,20200204
82,邵阳,湖南省,0.02,1,20200204
83,珠海,广东省,0.02,1,20200204
84,太原,山西省,0.02,1,20200204
85,昭通,云南省,0.02,1,20200204
86,聊城,山东省,0.02,1,20200204
87,淄博,山东省,0.02,1,20200204
88,滨州,山东省,0.02,1,20200204
89,张家口,河北省,0.02,1,20200204
90,宁波,浙江省,0.02,1,20200204
91,乌鲁木齐,新疆维吾尔自治区,0.02,1,20200204
92,漯河,河南省,0.02,1,20200204
93,沈阳,辽宁省,0.02,1,20200204
94,呼伦贝尔,内蒙古自治区,0.02,1,20200204
95,青岛,山东省,0.02,1,20200204
96,德阳,四川省,0.02,1,20200204
97,怀化,湖南省,0.02,1,20200204
98,巴中,四川省,0.02,1,20200204
99,福州,福建省,0.02,1,20200204
0,黄冈,湖北省,23.81,1561,20200205
1,孝感,湖北省,18.42,1208,20200205
2,咸宁,湖北省,7.1,466,20200205
3,荆州,湖北省,6.68,438,20200205
4,恩施州,湖北省,6.27,411,20200205
5,鄂州,湖北省,6.21,407,20200205
6,宜昌,湖北省,5.07,332,20200205
7,襄阳,湖北省,3.48,228,20200205
8,十堰,湖北省,3.32,218,20200205
9,仙桃,湖北省,3.29,216,20200205
10,黄石,湖北省,2.89,190,20200205
11,荆门,湖北省,2.49,163,20200205
12,天门,湖北省,1.83,120,20200205
13,随州,湖北省,1.54,101,20200205
14,潜江,湖北省,0.82,54,20200205
15,深圳,广东省,0.32,21,20200205
16,信阳,河南省,0.29,19,20200205
17,株洲,湖南省,0.25,16,20200205
18,南阳,河南省,0.25,16,20200205
19,北京,北京,0.24,16,20200205
20,长沙,湖南省,0.24,16,20200205
21,郑州,河南省,0.22,14,20200205
22,九江,江西省,0.22,14,20200205
23,南昌,江西省,0.21,14,20200205
24,重庆,重庆,0.2,13,20200205
25,岳阳,湖南省,0.18,12,20200205
26,阜阳,安徽省,0.16,10,20200205
27,广州,广东省,0.12,8,20200205
28,芜湖,安徽省,0.11,7,20200205
29,上海,上海,0.11,7,20200205
30,合肥,安徽省,0.09,6,20200205
31,茂名,广东省,0.08,5,20200205
32,神农架林区,湖北省,0.08,5,20200205
33,三门峡,河南省,0.07,5,20200205
34,安庆,安徽省,0.07,5,20200205
35,潍坊,山东省,0.07,5,20200205
36,南京,江苏省,0.05,3,20200205
37,临沂,山东省,0.05,3,20200205
38,佛山,广东省,0.05,3,20200205
39,苏州,江苏省,0.05,3,20200205
40,新乡,河南省,0.04,3,20200205
41,长春,吉林省,0.04,3,20200205
42,温州,浙江省,0.04,3,20200205
43,盐城,江苏省,0.04,3,20200205
44,赣州,江西省,0.04,3,20200205
45,邵阳,湖南省,0.04,3,20200205
46,南宁,广西壮族自治区,0.04,3,20200205
47,宁波,浙江省,0.04,3,20200205
48,铜仁,贵州省,0.04,3,20200205
49,成都,四川省,0.03,2,20200205
50,郴州,湖南省,0.03,2,20200205
51,常德,湖南省,0.03,2,20200205
52,安康,陕西省,0.03,2,20200205
53,厦门,福建省,0.03,2,20200205
54,商洛,陕西省,0.03,2,20200205
55,庆阳,甘肃省,0.03,2,20200205
56,唐山,河北省,0.03,2,20200205
57,许昌,河南省,0.03,2,20200205
58,无锡,江苏省,0.03,2,20200205
59,湘潭,湖南省,0.03,2,20200205
60,中山,广东省,0.03,2,20200205
61,六安,安徽省,0.03,2,20200205
62,泉州,福建省,0.03,2,20200205
63,金华,浙江省,0.03,2,20200205
64,西安,陕西省,0.03,2,20200205
65,天津,天津,0.03,2,20200205
66,石家庄,河北省,0.03,2,20200205
67,曲靖,云南省,0.03,2,20200205
68,杭州,浙江省,0.03,2,20200205
69,哈尔滨,黑龙江省,0.02,1,20200205
70,驻马店,河南省,0.02,1,20200205
71,衡阳,湖南省,0.02,1,20200205
72,东莞,广东省,0.02,1,20200205
73,六盘水,贵州省,0.02,1,20200205
74,平顶山,河南省,0.02,1,20200205
75,兰州,甘肃省,0.02,1,20200205
76,晋中,山西省,0.02,1,20200205
77,湖州,浙江省,0.02,1,20200205
78,绍兴,浙江省,0.02,1,20200205
79,吕梁,山西省,0.02,1,20200205
80,德州,山东省,0.02,1,20200205
81,南通,江苏省,0.02,1,20200205
82,锦州,辽宁省,0.02,1,20200205
83,珠海,广东省,0.02,1,20200205
84,湛江,广东省,0.02,1,20200205
85,楚雄,云南省,0.02,1,20200205
86,铜陵,安徽省,0.02,1,20200205
87,延安,陕西省,0.02,1,20200205
88,烟台,山东省,0.02,1,20200205
89,白银,甘肃省,0.02,1,20200205
90,周口,河南省,0.02,1,20200205
91,鄂尔多斯,内蒙古自治区,0.02,1,20200205
92,天水,甘肃省,0.02,1,20200205
93,黔东南州,贵州省,0.02,1,20200205
94,沈阳,辽宁省,0.02,1,20200205
95,晋城,山西省,0.02,1,20200205
96,海口,海南省,0.02,1,20200205
97,怀化,湖南省,0.02,1,20200205
98,淮南,安徽省,0.02,1,20200205
99,福州,福建省,0.02,1,20200205
0,黄冈,湖北省,23.45,1538,20200206
1,孝感,湖北省,17.75,1164,20200206
2,咸宁,湖北省,8.04,527,20200206
3,恩施州,湖北省,6.32,414,20200206
4,荆州,湖北省,6.19,406,20200206
5,鄂州,湖北省,5.7,374,20200206
6,宜昌,湖北省,5.52,362,20200206
7,十堰,湖北省,3.57,234,20200206
8,襄阳,湖北省,3.56,233,20200206
9,黄石,湖北省,3.4,223,20200206
10,仙桃,湖北省,2.99,196,20200206
11,荆门,湖北省,2.49,163,20200206
12,天门,湖北省,1.93,127,20200206
13,随州,湖北省,1.61,106,20200206
14,潜江,湖北省,0.95,62,20200206
15,南阳,河南省,0.38,25,20200206
16,株洲,湖南省,0.26,17,20200206
17,重庆,重庆,0.26,17,20200206
18,郑州,河南省,0.25,16,20200206
19,上海,上海,0.22,14,20200206
20,长沙,湖南省,0.22,14,20200206
21,岳阳,湖南省,0.22,14,20200206
22,九江,江西省,0.22,14,20200206
23,潍坊,山东省,0.17,11,20200206
24,信阳,河南省,0.16,10,20200206
25,深圳,广东省,0.16,10,20200206
26,南京,江苏省,0.15,10,20200206
27,南昌,江西省,0.15,10,20200206
28,广州,广东省,0.15,10,20200206
29,芜湖,安徽省,0.14,9,20200206
30,北京,北京,0.14,9,20200206
31,漯河,河南省,0.11,7,20200206
32,东莞,广东省,0.08,5,20200206
33,长春,吉林省,0.07,5,20200206
34,温州,浙江省,0.07,5,20200206
35,神农架林区,湖北省,0.07,5,20200206
36,南宁,广西壮族自治区,0.07,5,20200206
37,西安,陕西省,0.07,5,20200206
38,阜阳,安徽省,0.07,5,20200206
39,杭州,浙江省,0.07,5,20200206
40,成都,四川省,0.05,3,20200206
41,衡阳,湖南省,0.05,3,20200206
42,大连,辽宁省,0.05,3,20200206
43,安庆,安徽省,0.05,3,20200206
44,合肥,安徽省,0.05,3,20200206
45,徐州,江苏省,0.05,3,20200206
46,新乡,河南省,0.04,3,20200206
47,临沂,山东省,0.04,3,20200206
48,苏州,江苏省,0.04,3,20200206
49,湘西自治州,湖南省,0.04,3,20200206
50,铜陵,安徽省,0.04,3,20200206
51,邯郸,河北省,0.04,3,20200206
52,天津,天津,0.04,3,20200206
53,三门峡,河南省,0.03,2,20200206
54,厦门,福建省,0.03,2,20200206
55,济南,山东省,0.03,2,20200206
56,马鞍山,安徽省,0.03,2,20200206
57,盐城,江苏省,0.03,2,20200206
58,绍兴,浙江省,0.03,2,20200206
59,廊坊,河北省,0.03,2,20200206
60,保定,河北省,0.03,2,20200206
61,湘潭,湖南省,0.03,2,20200206
62,六安,安徽省,0.03,2,20200206
63,嘉兴,浙江省,0.03,2,20200206
64,福州,福建省,0.03,2,20200206
65,黔西南州,贵州省,0.02,1,20200206
66,郴州,湖南省,0.02,1,20200206
67,常德,湖南省,0.02,1,20200206
68,台州,浙江省,0.02,1,20200206
69,茂名,广东省,0.02,1,20200206
70,德州,山东省,0.02,1,20200206
71,衢州,浙江省,0.02,1,20200206
72,镇江,江苏省,0.02,1,20200206
73,邵阳,湖南省,0.02,1,20200206
74,锡林郭勒盟,内蒙古自治区,0.02,1,20200206
75,池州,安徽省,0.02,1,20200206
76,周口,河南省,0.02,1,20200206
77,开封,河南省,0.02,1,20200206
78,蚌埠,安徽省,0.02,1,20200206
79,石家庄,河北省,0.02,1,20200206
80,铜仁,贵州省,0.02,1,20200206
81,商丘,河南省,0.02,1,20200206
82,怀化,湖南省,0.02,1,20200206
83,安阳,河南省,0.02,1,20200206
84,临汾,山西省,0.02,1,20200206
85,黑河,黑龙江省,0.02,1,20200206
86,伊犁,新疆维吾尔自治区,0.02,1,20200206
87,莆田,福建省,0.02,1,20200206
88,咸阳,陕西省,0.02,1,20200206
89,巴彦淖尔,内蒙古自治区,0.01,1,20200206
90,石嘴山,宁夏回族自治区,0.01,1,20200206
91,哈尔滨,黑龙江省,0.01,1,20200206
92,驻马店,河南省,0.01,1,20200206
93,毕节,贵州省,0.01,1,20200206
94,连云港,江苏省,0.01,1,20200206
95,榆林,陕西省,0.01,1,20200206
96,安康,陕西省,0.01,1,20200206
97,达州,四川省,0.01,1,20200206
98,阿克苏,新疆维吾尔自治区,0.01,1,20200206
99,喀什,新疆维吾尔自治区,0.01,1,20200206