city,day_avg,night_avg,day_var,night_var,part_date
2302,2777.650471,942.4391053,3806.448394,1319.282622,20200101
2304,4200.346755,1436.600129,5850.671166,2032.409969,20200101
2305,4748.365929,1707.523465,6225.630995,2256.615321,20200101
2308,2709.842566,952.3861507,3688.624493,1341.559635,20200101
2311,3226.946241,1083.003872,4035.794359,1415.053774,20200101
2313,3297.252858,1148.792766,3879.759916,1391.997176,20200101
2301,5930.145206,1881.448514,8550.423261,2738.44044,20200101
2303,4657.441017,1589.228659,6757.812379,2488.618636,20200101
2306,6072.069512,2068.067988,6777.720755,2517.301545,20200101
2307,4691.633217,1684.271444,5998.904726,2260.813774,20200101
2309,2744.36874,907.6703357,3486.393915,1167.246663,20200101
2310,2343.441711,802.6787929,2801.625053,980.0542743,20200101
2312,1754.650146,564.5048591,2173.740111,738.1592682,20200101
2312,2349.685437,739.4208738,2893.672667,967.1010068,20200102
2302,3909.562935,1178.919726,5277.899823,1619.580397,20200102
2303,5881.718312,2005.672532,8422.968704,3118.435187,20200102
2306,7608.912858,2518.781231,8439.868834,3000.487293,20200102
2308,3643.181189,1162.714577,5060.15938,1646.018658,20200102
2311,4271.957626,1366.160269,5305.713714,1752.879495,20200102
2313,4482.492095,1431.334633,5208.303794,1675.786603,20200102
2301,7726.177994,2500.767921,11086.10878,3698.628519,20200102
2304,5492.133483,1816.446863,7631.393333,2555.484079,20200102
2305,5990.266694,2106.360347,7795.947586,2770.493127,20200102
2307,5989.177657,2111.142186,7706.193922,2850.355542,20200102
2309,3741.436433,1137.35023,4627.715071,1437.887772,20200102
2310,3249.661704,1010.390612,3828.217012,1187.565208,20200102
2301,13924.80155,4491.741964,20723.54729,6865.566713,20200103
2302,10149.69377,3385.072108,13853.71539,4669.072207,20200103
2304,10395.35295,3546.5193,14439.80341,5049.132056,20200103
2305,9290.768038,3280.16994,12034.61997,4300.272702,20200103
2306,11766.14024,3908.468293,13059.01837,4650.526368,20200103
2308,7698.24145,2610.112581,10598.99536,3714.865706,20200103
2309,9084.77832,3059.697561,10561.00269,3637.627017,20200103
2310,8211.22732,2780.967555,9592.70692,3273.833157,20200103
2311,8567.13288,2857.886395,10838.25034,3755.590063,20200103
2313,9628.361504,3236.171901,11435.0324,3907.276422,20200103
2303,9150.275696,3092.979776,13309.008,4833.339252,20200103
2307,9331.789322,3276.617018,11998.99349,4403.016258,20200103
2312,5573.370944,1814.11816,6867.791956,2382.817506,20200103
2304,5654.592917,2003.562513,7796.418566,2793.845989,20200104
2307,5004.94115,1810.605339,6457.253111,2468.55127,20200104
2310,4646.840083,1622.619835,5484.401233,1921.642544,20200104
2312,3169.203095,1051.326402,3939.502171,1376.705439,20200104
2301,7370.082237,2462.423235,10816.74008,3654.262671,20200104
2302,5708.884949,1990.986735,7843.551355,2765.454402,20200104
2303,4812.799738,1668.799825,6985.735526,2628.736651,20200104
2305,4998.218892,1814.07131,6523.251203,2364.111348,20200104
2306,6334.579044,2190.13707,6971.745346,2587.196744,20200104
2308,4271.037037,1508.661783,5839.991098,2120.748235,20200104
2309,5050.557541,1735.96209,5934.072687,2071.261425,20200104
2311,4725.744252,1672.03262,6016.088514,2182.716928,20200104
2313,5127.257679,1830.259279,6076.295432,2194.167685,20200104
2301,8557.820176,2855.207631,12459.14769,4169.672019,20200105
2303,5369.255517,1865.396322,8039.94844,3027.248451,20200105
2305,5420.359165,1978.505476,7000.693255,2571.972623,20200105
2307,5589.668538,2007.878186,7278.575166,2760.111924,20200105
2309,5994.136277,2025.750474,6984.846128,2373.340941,20200105
2311,5540.961085,1942.726458,7011.505862,2527.901278,20200105
2313,5995.35125,2115.961499,7064.576692,2515.664961,20200105
2302,6701.734699,2292.147978,9227.27452,3182.663294,20200105
2304,6582.908606,2309.332729,9036.569779,3196.967875,20200105
2306,7193.807552,2471.850183,7893.322158,2871.827737,20200105
2308,4961.805821,1776.215754,6724.986736,2486.740869,20200105
2310,5453.549607,1888.255684,6455.259273,2219.850307,20200105
2312,3781.11423,1230.743466,4728.458728,1614.80437,20200105
2302,7026.724306,2496.688139,9591.265413,3498.363231,20200106
2304,6859.489341,2494.505969,9326.730168,3516.390567,20200106
2306,7632.630825,2662.770027,8435.181293,3183.754257,20200106
2308,5279.945643,1890.004479,7205.057118,2695.010047,20200106
2310,5734.460012,2042.54908,6745.211976,2431.260287,20200106
2312,4101.013592,1427.818932,5070.447144,1883.300426,20200106
2301,8924.389464,3058.453748,13122.66669,4628.862671,20200106
2303,5686.085537,2037.160655,8190.613008,3204.842743,20200106
2305,6162.055613,2259.714079,7802.825372,2960.332591,20200106
2307,6079.256181,2237.255726,7845.174512,3074.573633,20200106
2309,6348.483189,2268.617137,7350.473335,2690.927177,20200106
2311,5838.359161,2089.072944,7410.661718,2792.092076,20200106
2313,6404.501253,2302.92827,7461.995629,2736.162898,20200106
2301,7994.958428,2852.131583,11857.93639,4391.330537,20200107
2303,5166.787789,1911.096309,7530.129406,2992.709544,20200107
2305,5634.245143,2210.891277,7122.587718,2872.89896,20200107
2307,5523.202305,2152.8165,7135.453661,2942.89406,20200107
2309,5933.720962,2271.268106,6849.147164,2704.260697,20200107
2310,5218.589669,1966.029132,6147.822767,2324.005909,20200107
2311,5287.940843,1936.916931,6745.088069,2582.88008,20200107
2312,3914.622999,1450.999515,4893.052499,1916.885129,20200107
2302,6099.649117,2222.765115,8377.492691,3192.01918,20200107
2304,6269.29711,2384.412072,8419.830177,3255.742361,20200107
2306,6965.710278,2548.316255,7635.221392,3010.718772,20200107
2308,4869.053531,1838.92815,6641.332409,2586.552132,20200107
2313,5627.696394,2039.571154,6601.859872,2443.51976,20200107
2310,5769.541038,1992.269795,6771.068301,2362.2939,20200108
2311,5888.7676,2012.034917,7436.5333,2622.422526,20200108
2313,6580.580408,2211.404439,7725.268401,2617.573541,20200108
2302,6955.52526,2371.694852,9675.982687,3412.867975,20200108
2304,6874.096228,2404.839621,9292.20191,3327.185684,20200108
2306,7648.922374,2566.944597,8452.140807,3066.683092,20200108
2308,5327.136576,1856.152453,7091.485005,2635.079528,20200108
2312,4310.081277,1453.335752,5399.946161,1940.908434,20200108
2301,9068.819824,2947.241379,13506.47037,4495.89418,20200108
2303,5651.628952,1920.779403,8234.791104,3011.805602,20200108
2305,6389.888038,2314.734272,8048.582586,2991.140224,20200108
2307,6088.439897,2189.02683,7869.118506,2982.265462,20200108
2309,6533.716002,2257.352267,7495.91893,2663.887506,20200108
2301,9085.272801,2997.008057,13495.67845,4551.369089,20200109
2302,6305.939571,2151.168442,8559.750191,2987.437934,20200109
2304,6921.977702,2427.716846,9374.871477,3372.261757,20200109
2306,7814.279304,2620.02381,8619.335768,3086.677822,20200109
2310,5800.297789,2010.917545,6805.797569,2359.225749,20200109
2312,4566.922072,1533.575508,5622.795249,2041.069663,20200109
2303,5770.817481,2030.88378,8323.859993,3153.668256,20200109
2305,6652.050331,2416.810273,8352.857899,3112.041774,20200109
2307,6222.505026,2240.938014,7997.845092,3017.524456,20200109
2308,5321.280627,1854.76862,6936.027034,2519.818259,20200109
2309,6659.403164,2246.964539,7600.760594,2617.920132,20200109
2311,5954.19093,2074.077891,7451.418192,2683.7139,20200109
2313,6333.223757,2189.943141,7527.204635,2634.91614,20200109
2302,6473.70388,2278.839336,8813.824001,3129.973356,20200110
2303,6025.913467,2115.103893,8704.250584,3252.667715,20200110
2304,7038.310974,2562.159219,9567.653194,3541.562513,20200110
2306,8085.397561,2809.733537,8971.552362,3347.013558,20200110
2307,6407.931555,2352.690701,8256.297941,3171.429015,20200110
2309,6733.50041,2369.239825,7639.051619,2731.230261,20200110
2310,6031.256871,2171.874354,7046.127414,2551.792604,20200110
2312,4556.149637,1587.253269,5705.999557,2116.9626,20200110
2301,9239.345825,3119.342052,13822.79826,4682.680959,20200110
2305,7028.751087,2596.916132,8905.744274,3344.582693,20200110
2308,5445.298453,1938.593648,7131.650769,2610.600354,20200110
2311,6144.059696,2177.423199,7658.811125,2800.922344,20200110
2313,6276.603231,2236.515197,7521.364569,2679.645375,20200110
2301,8906.939517,3050.672353,13243.89287,4584.937344,20200111
2303,5715.853236,2028.386036,8278.926398,3162.760243,20200111
2305,6704.763365,2519.098632,8482.773946,3237.90707,20200111
2307,6184.059622,2273.798719,7931.158651,3054.894158,20200111
2309,6522.327967,2303.057572,7453.386016,2654.74403,20200111
2311,5947.055581,2128.800883,7533.282723,2732.363094,20200111
2313,5877.05081,2166.324483,7037.488487,2617.990173,20200111
2302,6251.798277,2198.048384,8544.006195,3000.456923,20200111
2304,6823.403462,2465.090822,9298.192851,3406.064812,20200111
2306,7816.743144,2770.230957,8700.02209,3262.756829,20200111
2308,5262.762186,1881.477463,6860.432269,2536.970275,20200111
2310,5887.622443,2094.791899,6928.291753,2444.244122,20200111
2312,4406.026634,1501.867312,5594.478197,1980.653905,20200111
2302,6288.943065,2198.693065,8560.656459,3000.949386,20200112
2304,6821.663179,2457.924843,9316.664052,3410.952043,20200112
2306,7845.282364,2813.703929,8724.657453,3325.834472,20200112
2308,5287.903732,1927.303896,6910.116743,2638.274133,20200112
2310,5898.784415,2107.751137,6920.51303,2501.786774,20200112
2312,4366.935562,1464.603198,5523.461981,1946.132693,20200112
2301,8817.178192,2978.038399,13003.1046,4447.150201,20200112
2303,5703.33951,2005.324493,8261.076158,3122.784681,20200112
2305,6717.878185,2509.782059,8495.363494,3259.844156,20200112
2307,6239.969069,2276.312205,7957.031096,3047.863239,20200112
2309,6505.795907,2268.842565,7430.556545,2601.707669,20200112
2311,6002.144086,2175.128693,7592.946817,2813.27135,20200112
2313,5864.3564,2111.758203,7016.755491,2540.463231,20200112
2301,7943.768626,2701.069151,11863.14495,4136.02462,20200113
2303,5094.076139,1810.099939,7354.246272,2819.093913,20200113
2305,5938.70431,2200.66639,7508.110534,2870.952377,20200113
2307,5567.972104,2085.060061,7121.362154,2831.166687,20200113
2309,5628.251432,2051.407418,6382.46968,2388.737474,20200113
2302,5596.583008,1986.915413,7591.71123,2747.008647,20200113
2304,6048.318051,2185.786651,8283.2464,3096.796391,20200113
2306,6953.65743,2472.916261,7716.929242,2969.995413,20200113
2308,4708.541047,1696.211856,6184.258603,2355.860595,20200113
2310,5228.764001,1892.727216,6079.951776,2200.993659,20200113
2311,5341.573648,1945.996485,6747.909583,2555.151491,20200113
2312,3920.301741,1364.483559,4894.343919,1809.935989,20200113
2313,5271.073158,1884.992962,6236.784507,2261.518779,20200113
2311,4685.525868,1926.479691,5831.66294,2526.658406,20200114
2312,3056.829622,1346.702807,3815.574647,1788.204765,20200114
2301,7369.859141,2655.18924,10858.97643,4075.394177,20200114
2303,5191.707688,1806.023751,7457.777505,2788.408553,20200114
2305,6086.409486,2201.392502,7710.40282,2855.785082,20200114
2307,5659.870142,2041.891328,7289.007403,2760.044904,20200114
2309,4106.179683,1888.608138,4722.093777,2219.758971,20200114
2310,4211.761009,1841.330784,4858.105469,2153.75049,20200114
2313,4512.45004,1858.671592,5266.150789,2217.155191,20200114
2302,4304.264509,1952.84481,5785.217189,2672.035199,20200114
2304,5449.563733,2169.633067,7470.62483,3088.649888,20200114
2306,7096.941857,2454.250533,7833.193761,2902.197735,20200114
2308,3897.186316,1687.92303,5121.52488,2330.944127,20200114
2302,3946.668401,1025.620026,5357.724057,1399.621206,20200115
2303,5211.073872,1867.581127,7482.395018,2850.106389,20200115
2305,6092.54941,2316.594987,7701.789547,3013.24067,20200115
2307,5675.193873,2110.605243,7353.921651,2839.666328,20200115
2311,4367.415019,1396.601227,5463.146025,1783.233263,20200115
2313,4294.590235,1322.074013,5099.717996,1576.855851,20200115
2301,7284.253715,2329.047292,10651.44671,3460.957843,20200115
2304,5086.802668,1672.769264,7032.146003,2365.830995,20200115
2306,7056.699452,2566.888551,7806.871487,2981.29338,20200115
2308,3594.129841,1100.52874,4737.236293,1536.39311,20200115
2309,3777.622574,1059.8434,4430.374838,1278.117084,20200115
2310,3832.045568,1143.577465,4509.18552,1318.938068,20200115
2312,2676.92192,736.4733269,3348.760288,966.7608827,20200115
2301,8304.351249,2889.898831,11989.5579,4304.781047,20200116
2304,6131.217034,2262.600576,8443.090413,3208.231954,20200116
2307,5767.304646,2166.25377,7466.176685,2937.78993,20200116
2309,5508.60929,2057.125683,6291.458635,2381.721498,20200116
2310,5274.62953,1944.349969,6157.846042,2274.264095,20200116
2311,5520.10407,2024.052715,6939.233644,2656.180056,20200116
2312,3897.840116,1377.36531,4880.291972,1804.914758,20200116
2313,5583.349773,2025.257059,6594.226977,2432.269577,20200116
2302,6296.026244,2251.124418,8473.531549,3078.99568,20200116
2303,5312.43435,1898.227705,7671.23769,2923.142917,20200116
2305,6211.098922,2338.779552,7793.485022,3044.052442,20200116
2306,7166.351937,2571.126868,7951.422046,3022.2528,20200116
2308,4881.495812,1831.071297,6444.638518,2540.060625,20200116
2305,6086.67669,2273.696392,7546.940739,2930.900244,20200117
2309,5580.928669,2033.879202,6435.096795,2367.04991,20200117
2310,5236.832091,1906.82795,6093.153842,2228.507045,20200117
2312,3994.716085,1415.846899,4998.768165,1870.161421,20200117
2301,8092.926299,2796.264507,11578.438,4120.494577,20200117
2302,6265.238197,2236.724184,8414.060681,3110.935139,20200117
2303,5244.680525,1881.814851,7480.539855,2876.208214,20200117
2304,6045.178545,2188.250133,8304.762352,3104.296268,20200117
2306,7181.378659,2555.912195,7962.065072,3027.282675,20200117
2307,5632.478976,2095.996344,7246.481186,2837.523172,20200117
2308,4844.193871,1778.716854,6366.867664,2460.015025,20200117
2311,5400.276789,1942.027441,6723.58825,2563.232738,20200117
2313,5548.706124,2017.436725,6535.241889,2435.627357,20200117
2301,7922.746883,2747.209845,11338.93042,4039.875345,20200118
2303,5264.949846,1875.501278,7674.803567,2907.392767,20200118
2304,6091.415131,2206.126478,8424.169231,3121.009371,20200118
2311,5528.464338,2011.955664,6912.052934,2622.332358,20200118
2312,4036.028079,1368.426601,5047.871142,1815.199529,20200118
2302,6291.018491,2253.9538,8517.840528,3109.076982,20200118
2305,6160.306719,2333.382414,7733.493359,3047.349552,20200118
2306,7197.663007,2640.436414,7972.026186,3022.533714,20200118
2307,5772.636987,2184.416984,7461.460522,2971.135036,20200118
2308,4876.122026,1801.556604,6387.49297,2456.929147,20200118
2309,5588.941514,2034.131457,6469.629031,2437.448142,20200118
2310,5289.48591,1916.376709,6202.89159,2243.842085,20200118
2313,5425.828174,2003.598661,6423.482961,2456.245817,20200118
2311,5651.874972,1999.956813,7046.933,2651.265209,20200119
2312,4130.834401,1375.474125,5154.914987,1800.683373,20200119
2301,8061.58895,2695.078972,11587.94212,3981.818288,20200119
2303,5427.804493,1943.902555,7863.84848,2958.840356,20200119
2305,6281.567164,2319.699834,7918.783061,3067.648157,20200119
2307,5882.419714,2157.912553,7640.786963,2928.618368,20200119
2308,4982.419315,1803.499282,6546.693619,2467.271444,20200119
2310,5333.775684,1899.571872,6285.278852,2213.886061,20200119
2313,5555.060213,1938.529866,6530.898405,2337.715541,20200119
2302,6424.533112,2222.634565,8647.042607,3051.978901,20200119
2304,6185.608821,2203.60946,8569.062564,3139.219264,20200119
2306,7353.742761,2648.010972,8173.099154,3133.987803,20200119
2309,5775.293876,1995.562329,6680.803239,2376.180303,20200119
2313,5829.596409,2102.329095,6713.85894,2500.694764,20200120
2302,6700.495818,2381.754155,8963.776807,3310.544801,20200120
2307,6009.550868,2273.488273,7806.096268,3139.663512,20200120
2311,5904.426324,2129.412291,7309.263823,2820.248939,20200120
2308,5106.371037,1868.716916,6750.149511,2596.880689,20200120
2303,5527.831497,1983.871596,7927.045097,3073.545193,20200120
2306,7448.679854,2679.562995,8314.520738,3244.948153,20200120
2304,6415.635618,2312.93102,8816.063441,3325.700835,20200120
2301,8324.363679,2802.047947,11902.66149,4148.370987,20200120
2305,6408.479262,2418.622978,8075.861373,3229.24854,20200120
2309,6091.608969,2163.637408,7041.935571,2570.642351,20200120
2312,4217.033005,1436.964532,5249.843627,1916.139075,20200120
2310,5514.267606,1971.609983,6482.940337,2354.21392,20200120
2301,8066.491674,2819.23135,11435.34115,4118.226275,20200121
2302,6602.836753,2391.558961,8807.571163,3303.127231,20200121
2305,6413.761036,2358.04829,8065.652809,3134.830214,20200121
2307,6051.097364,2189.613287,7874.31245,2992.405416,20200121
2309,6232.428923,2231.966922,7273.799118,2694.652669,20200121
2311,5914.019349,2183.445709,7245.806152,2878.377958,20200121
2313,5711.321397,2106.231059,6583.505393,2535.776291,20200121
2303,5530.063815,1934.089077,7972.556767,2916.207457,20200121
2304,6366.275814,2337.608473,8742.928804,3355.191086,20200121
2306,7574.978989,2634.078563,8415.26672,3161.338732,20200121
2308,5094.936183,1889.494171,6723.900806,2614.127691,20200121
2310,5443.612055,1986.706504,6377.362061,2364.967124,20200121
2312,4153.023153,1455.34335,5198.689914,1923.580135,20200121
2307,5081.795673,2056.738687,6521.46672,2806.386659,20200122
2311,5092.858282,1987.33527,6109.3016,2615.238797,20200122
2309,5374.805131,2047.771015,6274.170046,2472.105142,20200122
2313,4706.452293,1874.016539,5332.82161,2262.750253,20200122
2305,5506.460805,2250.458523,6876.751159,2977.233748,20200122
2302,5624.136061,2142.647431,7348.819291,2925.363125,20200122
2304,5362.603536,2095.487537,7281.385865,2982.766748,20200122
2312,3577.142928,1289.507146,4439.669419,1695.454818,20200122
2303,4642.549144,1810.814717,6539.167848,2761.338646,20200122
2308,4328.15501,1715.351738,5677.87925,2372.813124,20200122
2306,6503.766819,2491.333942,7135.394955,3005.326587,20200122
2310,4646.117257,1772.826186,5414.76301,2121.926853,20200122
2301,6572.935197,2482.677934,9099.38705,3586.885863,20200122
2308,5058.761136,1894.252963,6611.781639,2614.617085,20200123
2302,6365.07383,2332.517399,8113.592567,3177.902386,20200123
2311,5731.546354,2182.501536,6638.944082,2835.219422,20200123
2306,7242.925723,2761.612177,7931.290906,3364.63645,20200123
2304,5956.263079,2260.114651,7947.237299,3209.095974,20200123
2305,6205.196432,2483.191661,7570.864984,3305.354383,20200123
2307,5678.357361,2256.73118,7185.209483,3085.818479,20200123
2303,5220.086097,1965.5232,7216.871243,2941.233849,20200123
2301,7026.117173,2637.814731,9417.400608,3763.939815,20200123
2310,5351.628341,1945.236379,6212.25515,2336.482666,20200123
2312,4100.034483,1454.615764,5134.421468,1942.058129,20200123
2309,6205.329232,2277.451736,7370.833417,2803.462953,20200123
2313,5111.556393,2025.55601,5606.092822,2425.045527,20200123
2309,4174.941498,1572.582832,5138.225435,1903.09606,20200124
2303,3359.665722,1361.887895,4203.786224,1878.140976,20200124
2301,4256.144629,1672.583627,5441.18254,2270.690805,20200124
2307,3570.375725,1467.165496,4316.177216,1865.674886,20200124
2305,3961.781743,1616.562448,4591.107301,1921.634274,20200124
2311,3617.996122,1308.787156,3996.005655,1533.319206,20200124
2313,3206.185706,1324.953285,3330.82877,1475.483039,20200124
2302,4184.579272,1564.756977,5006.200964,2002.71745,20200124
2312,2889.544379,1035.750986,3534.111978,1330.043113,20200124
2308,3488.675466,1371.823818,4374.769692,1827.005826,20200124
2304,3918.112084,1474.730572,5021.103681,1955.331247,20200124
2306,4817.451554,1883.929007,4924.01071,2179.434032,20200124
2310,3713.256272,1357.138296,4305.732242,1558.798949,20200124
2306,5685.111483,1913.094121,5821.630534,1978.809412,20200125
2304,4548.771307,1454.495573,5852.404591,1807.046602,20200125
2308,4128.46083,1397.059726,5248.14236,1794.376479,20200125
2310,4305.974917,1338.496061,5003.662141,1470.950377,20200125
2301,5008.895048,1641.682717,6393.239901,2098.587821,20200125
2309,4760.25205,1478.040459,5961.149886,1745.300273,20200125
2311,4280.916306,1318.627594,4741.517761,1448.500499,20200125
2312,3452.515779,1029.856509,4246.478685,1243.961612,20200125
2303,3872.808938,1302.871947,4816.057043,1616.037895,20200125
2313,3766.572597,1276.339484,3877.306652,1321.423284,20200125
2302,4958.124577,1563.910364,5929.207627,1817.785968,20200125
2305,4608.730195,1592.222522,5363.728824,1771.341525,20200125
2307,4284.35032,1467.700031,5180.228695,1754.036531,20200125
2310,4270.271144,1463.994818,4848.944447,1549.589703,20200126
2312,3409.731623,1069.111001,4125.665002,1276.910575,20200126
2301,4976.136096,1835.484907,6257.580636,2333.018278,20200126
2306,5732.420603,2148.352941,5740.28615,2188.656642,20200126
2303,3831.071137,1450.207646,4638.71801,1763.176232,20200126
2308,3997.919787,1510.909147,4996.480705,1886.543807,20200126
2305,4594.839345,1810.871269,5325.916879,2003.548302,20200126
2313,3810.941599,1481.998684,3894.567288,1567.044575,20200126
2304,4554.877053,1649.701322,5748.62752,2006.64326,20200126
2311,4341.715051,1576.954732,4744.677756,1717.816738,20200126
2302,4981.861995,1785.351398,5821.252479,1989.477381,20200126
2307,4351.392923,1687.054454,5144.019222,1983.321159,20200126
2309,4781.127293,1707.130578,5797.989483,1894.063998,20200126
2310,4259.421587,1456.014295,4829.196825,1541.705468,20200127
2305,4540.131382,1696.288501,5335.166717,1892.887073,20200127
2303,3773.984585,1334.479713,4555.203547,1619.032128,20200127
2309,4869.528575,1672.434067,5789.515673,1841.876225,20200127
2301,5037.946328,1778.843185,6333.102876,2233.08621,20200127
2307,4452.229408,1664.764796,5264.628413,1937.157859,20200127
2312,3381.817688,1047.406126,4111.83862,1252.998325,20200127
2302,4982.23342,1714.533592,5873.319029,1925.428957,20200127
2304,4548.334971,1619.835353,5800.14711,1971.316587,20200127
2308,4007.094359,1432.241846,4984.623411,1768.206287,20200127
2311,4504.8229,1616.557072,4807.8549,1726.747649,20200127
2306,5281.778764,1878.234088,5319.400032,1842.662823,20200127
2313,3876.559283,1455.853828,3990.017385,1519.758686,20200127
2311,4318.290459,1484.000118,4696.542794,1598.477566,20200128
2313,3529.050116,1229.494829,3731.859246,1286.187659,20200128
2303,3633.526507,1211.452891,4460.705107,1484.558395,20200128
2301,4764.050386,1612.641669,6080.866993,2029.348237,20200128
2308,3748.049036,1319.974969,4704.128801,1641.891852,20200128
2305,4349.220008,1512.462848,5228.964055,1713.124881,20200128
2310,4114.28678,1348.14857,4748.919126,1455.107449,20200128
2304,4362.221701,1453.594695,5671.465635,1803.487626,20200128
2307,4162.226648,1492.206044,5026.272996,1754.973643,20200128
2302,4732.976327,1583.861465,5707.063351,1829.051295,20200128
2309,4712.427615,1556.751185,5701.068308,1758.797443,20200128
2306,5114.634027,1663.185129,5247.0704,1636.688637,20200128
2312,3280.342222,1009.095802,4025.844357,1217.465046,20200128
2310,4104.225492,1314.580311,4776.424829,1435.772857,20200129
2311,4205.014955,1368.834668,4634.406879,1508.684703,20200129
2308,3687.045744,1228.230769,4650.667251,1525.348183,20200129
2313,3480.235453,1139.603619,3720.57413,1195.023927,20200129
2312,3269.779753,977.3950617,3991.318672,1177.387284,20200129
2306,4931.304468,1569.990208,5124.544253,1548.123083,20200129
2302,4621.399159,1471.673425,5664.091399,1729.190767,20200129
2304,4299.163646,1379.389847,5638.881072,1721.185818,20200129
2307,3967.257252,1330.264122,4887.518756,1578.653761,20200129
2301,4715.574393,1504.374843,6067.017061,1900.858685,20200129
2303,3611.454207,1165.697551,4480.55468,1447.37007,20200129
2305,4283.450903,1450.545983,5174.346498,1659.05497,20200129
2309,4664.346808,1505.442989,5639.302418,1711.157465,20200129
2304,4263.627631,1346.524915,5603.791181,1679.230104,20200130
2302,4633.982204,1447.068436,5697.198195,1697.203934,20200130
2308,3524.511284,1149.184038,4408.030675,1399.386593,20200130
2306,4956.558175,1554.076852,5134.33256,1532.507163,20200130
2312,3075.197927,903.8351431,3782.212565,1072.377527,20200130
2310,4129.803231,1313.80551,4788.642766,1431.227709,20200130
2301,4792.903936,1509.742436,6164.414522,1912.75649,20200130
2303,3647.426734,1174.690083,4529.98375,1470.882806,20200130
2313,3535.689469,1137.798845,3777.949592,1192.009303,20200130
2309,4587.726004,1464.325614,5528.280968,1644.20166,20200130
2305,4296.865504,1428.173724,5218.345493,1644.240675,20200130
2307,3890.330331,1255.468325,4798.54376,1486.519692,20200130
2311,4189.94557,1348.599788,4631.257347,1488.796325,20200130
2307,3750.805433,1168.016176,4683.822037,1405.595641,20200131
2305,4196.432752,1352.655459,5158.719026,1577.956484,20200131
2309,4451.631168,1378.719264,5417.271911,1582.842504,20200131
2311,4056.80219,1231.488873,4540.528053,1358.037188,20200131
2302,4532.155726,1384.341982,5668.667981,1663.602497,20200131
2312,2973.983696,854.3814229,3698.061605,1018.546194,20200131
2313,3451.432047,1091.024989,3727.334296,1135.981326,20200131
2304,4086.547728,1258.158803,5447.002297,1588.112638,20200131
2301,4696.594837,1435.425555,6090.146608,1823.508418,20200131
2303,3540.401508,1116.018093,4450.135192,1412.624439,20200131
2306,4880.646069,1488.749159,5109.185304,1478.668307,20200131
2308,3468.752,1099.732923,4359.860451,1340.339603,20200131
2310,4007.816694,1247.285004,4717.364111,1388.215998,20200131
2301,4631.161936,1500.838889,6037.938244,1919.565659,20200201
2304,4008.480332,1268.179961,5361.596877,1604.804315,20200201
2305,4090.324408,1388.333956,5045.405277,1618.925978,20200201
2306,4803.800551,1531.091605,5028.246363,1524.411792,20200201
2307,3679.31374,1170.983664,4624.096009,1413.726189,20200201
2308,3440.533963,1124.143033,4345.170289,1374.681506,20200201
2309,4332.504183,1394.151701,5305.563136,1616.459613,20200201
2310,3850.220174,1230.955261,4570.751038,1389.623358,20200201
2312,2930.663699,882.2195846,3660.144635,1062.397961,20200201
2302,4483.908522,1408.012082,5663.707671,1714.535398,20200201
2303,3383.522506,1107.984228,4236.91747,1396.942176,20200201
2311,3997.727476,1237.997998,4484.280842,1378.394887,20200201
2313,3426.867693,1132.694461,3713.031439,1185.239427,20200201
2312,2874.056874,900.5019782,3532.680853,1115.923584,20200202
2306,4939.133844,1461.086371,5095.274915,1531.029087,20200202
2309,4277.822464,1312.673913,5192.739541,1565.460708,20200202
2305,4064.979668,1213.690249,4942.409731,1481.20986,20200202
2310,3702.270052,1139.523938,4384.975359,1342.343981,20200202
2307,3674.085649,1093.991908,4576.158165,1350.340632,20200202
2304,3927.700918,1178.566244,5198.302034,1561.264879,20200202
2308,3440.080648,1015.91258,4317.804898,1266.493822,20200202
2301,4588.965499,1393.854901,5949.767775,1799.543426,20200202
2313,3415.866824,1038.37274,3679.854557,1100.988327,20200202
2302,4413.933197,1340.14046,5543.114212,1682.245494,20200202
2303,3291.474217,1021.025916,4113.512356,1265.667146,20200202
2311,3818.247584,1138.914212,4379.296897,1295.182928,20200202
null,4335.136937,1309.686235,6517.756037,1977.125948,20200202
2306,3970.251072,1173.067361,4254.426488,1294.945891,20200203
2307,3182.467338,940.8182234,4085.63928,1211.669564,20200203
2310,3257.188355,998.3862412,3943.594181,1204.776775,20200203
2308,3209.139984,938.9478654,4059.331828,1186.80458,20200203
2303,3006.782006,927.0311166,3800.03007,1161.818275,20200203
2313,3105.87098,931.5229277,3366.374983,998.2226427,20200203
2302,4055.017369,1236.473866,5161.017377,1579.110234,20200203
2301,4242.850618,1279.676068,5566.778223,1676.806195,20200203
2305,3676.879693,1082.926156,4530.872389,1352.336251,20200203
null,3968.013789,1198.321957,6042.196014,1841.519796,20200203
2309,3861.258919,1184.273133,4739.387048,1433.776576,20200203
2312,2607.213933,800.3527668,3251.744115,1019.584752,20200203
2304,3586.065617,1078.675306,4814.494579,1455.726173,20200203
2311,3318.286741,1010.805068,3835.274553,1161.580017,20200203
2303,3071.754865,934.8999556,3900.040525,1176.102626,20200204
2312,2600.801383,809.4619565,3303.506314,1043.215461,20200204
2306,4167.968434,1227.318112,4466.512703,1346.514618,20200204
2310,3371.342863,1023.32111,4108.31441,1240.616174,20200204
2308,3291.435166,952.2377924,4186.365939,1212.5725,20200204
2301,4319.444078,1282.182578,5694.254912,1687.219135,20200204
2311,3367.479491,1024.710868,3901.476075,1183.705352,20200204
2304,3707.132574,1114.477923,4998.749363,1507.248242,20200204
2302,4019.376491,1196.670678,5167.681676,1541.434493,20200204
2305,3635.201578,1082.886444,4534.763099,1363.393957,20200204
2307,3175.246565,949.9229008,4133.265745,1230.63478,20200204
null,4055.885072,1209.834355,6190.153381,1860.059289,20200204
2309,3935.790017,1188.029838,4875.468612,1456.524068,20200204
2313,3176.557333,951.3428478,3481.733374,1026.194863,20200204
2306,4200.788156,1133.422772,4639.526821,1176.322126,20200205
2308,3218.271534,955.0660377,4134.390067,1200.562493,20200205
2312,2686.079232,714.4891732,3485.406109,879.1584178,20200205
2301,4019.921041,1151.427329,5444.244229,1508.92039,20200205
2307,3161.476554,840.4041546,4166.193753,1069.019417,20200205
2304,3603.502842,986.6995602,5015.703998,1314.911766,20200205
2311,3387.262177,882.0526438,4013.670637,1018.481827,20200205
2302,3888.591034,1068.49062,5122.60026,1367.298053,20200205
2310,3380.414836,931.3671778,4182.320574,1102.026702,20200205
2303,2984.021872,859.9149106,3809.660879,1084.428802,20200205
2305,3453.268409,953.9336237,4472.434934,1172.189399,20200205
2313,3085.794631,890.4764066,3461.308793,948.5041828,20200205
2309,3763.14963,1079.545355,4819.867891,1317.987158,20200205
2302,3759.565929,1001.99796,4970.941019,1283.871993,20200206
2313,3032.33603,865.3254263,3433.561459,926.5557506,20200206
2307,3154.046586,833.968077,4155.703844,1064.82272,20200206
2308,3130.610975,939.4946765,4052.68241,1190.030231,20200206
2312,2650.806499,700.7375677,3448.565233,864.7042342,20200206
2304,3517.730147,956.7619762,4903.193718,1269.362501,20200206
2305,3445.055636,941.001038,4468.405734,1163.259938,20200206
2311,3318.219169,856.0200389,3971.535143,999.1440136,20200206
2303,2965.319153,854.9321989,3841.563547,1092.022968,20200206
2301,3926.262006,1083.324688,5340.474768,1421.44224,20200206
2306,4220.699237,1142.256794,4629.782859,1176.628082,20200206
2310,3300.99855,876.1999171,4122.220396,1045.589323,20200206
2309,3699.088171,1064.154984,4770.061084,1307.230391,20200206
2301,3933.657525,1095.480272,5336.024891,1429.143667,20200207
2305,3433.429994,930.664385,4473.729964,1150.324575,20200207
2307,3146.034509,827.5884868,4145.645124,1048.132577,20200207
2310,3271.123265,897.3604723,4069.270717,1068.714884,20200207
2309,3742.553547,1060.174473,4809.289039,1298.257616,20200207
2306,4204.467196,1131.858712,4608.839482,1170.01116,20200207
2313,3044.841038,857.3237705,3434.548854,913.9885425,20200207
2303,2962.607175,829.8038537,3832.416357,1058.737782,20200207
2308,3108.340221,920.4466039,4014.906674,1154.686548,20200207
2311,3339.301618,855.9330885,3971.493154,992.615319,20200207
2302,3723.869208,1000.533047,4931.825285,1278.052756,20200207
2304,3477.437078,909.5350755,4844.987671,1203.088847,20200207
2312,2662.799311,714.6832268,3464.999395,882.93194,20200207
2309,3799.782799,1132.608053,4878.411385,1401.888434,20200208
2310,3296.248653,923.7780771,4099.666862,1103.101123,20200208
2311,3388.324114,901.0090286,4008.894387,1048.477435,20200208
2303,2954.730878,869.5680568,3828.427438,1112.832899,20200208
2313,3045.986724,902.5756119,3425.377553,966.6892598,20200208
2304,3502.884212,969.3495073,4880.491046,1288.401487,20200208
2306,4208.097985,1182.006105,4574.804666,1224.23077,20200208
2308,3091.66919,927.077946,3991.509524,1166.66478,20200208
2305,3449.817786,962.2359038,4512.879487,1198.509222,20200208
2301,3926.850727,1122.402744,5317.937953,1472.597855,20200208
2302,3757.283734,1029.575526,4946.142202,1318.865393,20200208
2312,2653.015748,722.663878,3461.277318,895.12817,20200208
2307,3191.528558,880.4405925,4203.708235,1128.924649,20200208
2311,3262.604128,849.4415138,3897.66386,987.9318973,20200209
2306,4081.087912,1116.276252,4443.568681,1142.007784,20200209
2310,3204.657824,871.9135751,4013.869622,1044.013485,20200209
2307,3070.888092,831.1972519,4064.705252,1060.223419,20200209
2313,2939.583566,853.2725236,3328.429288,909.6855931,20200209
2304,3421.882706,932.4971588,4777.07842,1232.713284,20200209
2303,2923.079986,846.1090716,3816.961169,1084.382163,20200209
2312,2623.821763,717.4308223,3432.67158,892.4908086,20200209
2305,3342.30608,912.4117037,4394.635741,1146.095875,20200209
2302,3646.428257,982.6007631,4821.523208,1258.406851,20200209
2308,2993.857084,881.5169943,3873.824054,1106.804957,20200209
2309,3610.266996,1046.678728,4655.770996,1296.405562,20200209
2301,3861.368164,1062.753142,5255.238336,1394.112421,20200209
2305,3396.286989,931.4168915,4423.311472,1150.712038,20200210
2309,3670.803395,1084.076123,4665.589637,1322.100335,20200210
2313,3051.932973,910.4818092,3392.806423,949.3368943,20200210
2303,3017.879242,885.3104456,3933.298314,1149.516255,20200210
2306,4174.364135,1126.702958,4489.498329,1148.38249,20200210
2307,3128.658172,839.0692812,4128.578336,1066.37983,20200210
2301,3837.597582,1109.302499,5182.216724,1448.36138,20200210
2311,3280.326388,861.7879794,3914.730475,1000.92876,20200210
2312,2584.872906,690.4482759,3382.655582,852.6664517,20200210
2304,3456.371787,949.0578406,4796.491653,1246.550526,20200210
2302,3669.742788,985.4709643,4827.766119,1248.486629,20200210
2310,3191.719735,869.7885572,3974.878167,1032.039095,20200210
2308,2982.817847,898.752763,3851.657872,1126.167795,20200210
2307,3136.396884,840.3968836,4124.850858,1063.229072,20200211
2309,3572.82398,995.1828634,4566.283276,1204.23604,20200211
2313,2967.249329,824.6362144,3307.934375,859.9402658,20200211
2302,3543.360052,915.2346621,4666.82204,1157.214658,20200211
2308,2843.045641,777.0231273,3691.71627,972.4147867,20200211
2305,3421.38195,936.4790456,4440.030309,1152.225384,20200211
2312,2530.737931,653.4665025,3317.936712,809.6550525,20200211
2303,3001.259794,867.4756249,3902.145848,1118.023483,20200211
2311,3164.64139,789.1834347,3784.824938,914.7632154,20200211
2304,3364.65634,876.6144281,4681.693966,1151.320416,20200211
2306,4176.207254,1130.692777,4453.894841,1140.774812,20200211
2310,3117.61886,798.4509845,3899.392463,951.0480433,20200211
2301,3726.091157,972.9597318,5040.402964,1269.100597,20200211
2301,4075.704246,1172.578169,5535.02415,1544.514896,20200212
2303,3030.145173,912.1011515,3948.725395,1167.392883,20200212
2308,3036.918405,911.8233129,3896.218251,1136.751705,20200212
2309,3727.450507,1110.74006,4748.858442,1344.535213,20200212
2313,3160.346794,930.8204202,3495.316184,962.0524351,20200212
2305,3583.324201,1017.496679,4698.308135,1277.539116,20200212
2306,4222.272034,1187.207075,4448.069742,1187.323989,20200212
2312,2540.134843,696.3735236,3322.789155,857.6579494,20200212
2304,3512.582405,982.1529147,4867.83107,1288.391164,20200212
2302,3626.582657,995.0585075,4778.347313,1258.036779,20200212
2307,3157.142246,893.1928189,4152.448634,1127.272062,20200212
2310,3157.140903,878.8184832,3962.386264,1054.418343,20200212
2311,3286.215504,880.1577923,3934.188016,1023.053378,20200212
2302,3624.4102,977.0419712,4805.603656,1248.226989,20200213
2306,4195.392988,1171.971951,4393.616672,1159.913706,20200213
2308,3030.854512,907.1632904,3904.375579,1130.830771,20200213
2311,3267.960966,866.9370421,3926.220248,1013.029813,20200213
2301,4053.905838,1145.30774,5527.570172,1523.000982,20200213
2307,3124.708855,876.5616794,4094.254024,1103.93171,20200213
2310,3148.720564,853.14801,3955.648042,1026.359084,20200213
2304,3529.186214,987.287307,4883.004067,1290.611052,20200213
2309,3695.965706,1107.100686,4729.386909,1350.187634,20200213
2312,2561.13997,703.5741745,3346.441386,867.5274428,20200213
2303,3000.829948,882.9141311,3903.272262,1127.684373,20200213
2305,3501.519925,998.7235367,4584.656847,1233.696344,20200213
2313,3112.250904,919.4863651,3479.187232,966.2800509,20200213
2311,3337.817672,891.5124185,3992.276997,1041.636871,20200214
2310,3220.906774,880.2067537,4025.121601,1050.287878,20200214
2312,2635.446139,721.4943433,3441.852929,889.0803802,20200214
2304,3583.170062,996.543427,4933.03031,1299.660192,20200214
2305,3628.889996,1010.41511,4769.489497,1262.116825,20200214
2307,3242.954788,902.6164656,4248.066008,1134.642233,20200214
2309,3778.057534,1116.463014,4806.043538,1355.459,20200214
2306,4256.1847,1198.872295,4482.775339,1206.111002,20200214
2301,3626.058681,1152.435052,4941.114358,1522.174989,20200214
2302,3791.494759,1041.136469,4998.194693,1326.202883,20200214
2303,3122.53549,922.8091272,4039.740075,1176.931045,20200214
2313,3207.485214,935.7467689,3560.800659,977.0402502,20200214
2308,3084.485475,922.9124386,3955.688573,1141.073663,20200214
2312,2610.007866,695.686824,3405.833704,861.4472557,20200215
2307,3175.615913,863.40562,4153.541226,1081.432975,20200215
2311,3342.966201,887.4859074,3983.14717,1024.921121,20200215
2308,3069.713554,898.7420147,3923.822742,1106.608627,20200215
2305,3572.250882,983.9012243,4686.612996,1219.486665,20200215
2304,3552.262853,972.2458226,4906.542189,1265.501904,20200215
2301,3333.953254,1044.04393,4529.208287,1375.024454,20200215
2313,3121.578461,900.0819887,3483.710403,944.2651082,20200215
2306,4213.33049,1156.579044,4431.822447,1151.439394,20200215
2303,3016.657034,873.2006936,3893.459575,1107.629502,20200215
2309,3619.583653,1050.735601,4665.890377,1301.445993,20200215
2310,3197.782176,851.6161658,3992.693178,1012.861231,20200215
2302,3755.189432,1012.293824,4933.779425,1275.306762,20200215
2302,3743.078101,1003.965814,4936.744739,1280.023424,20200216
2305,3537.271728,956.6818088,4623.853952,1186.529853,20200216
2308,3070.575051,887.1828221,3909.055609,1089.637355,20200216
2311,3335.937257,861.1749714,3994.334371,1003.329948,20200216
2313,3134.518543,888.6318784,3502.892886,935.3778946,20200216
2301,2838.056616,775.4563691,3870.446623,1027.860076,20200216
2303,2967.223514,831.8534161,3861.064845,1061.908291,20200216
2304,3564.101137,958.3850279,4926.008148,1250.644243,20200216
2306,4190.804819,1135.728271,4416.068862,1130.327034,20200216
2307,3149.85282,835.1042335,4129.248325,1049.911023,20200216
2309,3599.66091,1005.254386,4623.947083,1245.965045,20200216
2310,3179.234819,832.2770984,3972.401371,993.9367875,20200216
2312,2623.214075,691.355315,3415.064136,856.0159265,20200216
2302,3766.405873,1008.092459,4961.164918,1271.228597,20200217
2306,4214.525594,1134.792809,4421.905982,1133.916941,20200217
2311,3365.721383,881.0679945,4005.871624,1018.909772,20200217
2301,2901.592702,815.5447308,3923.762358,1074.261283,20200217
2303,3037.60437,878.38275,3928.586031,1129.464374,20200217
2304,3627.8565,987.6523417,4984.244876,1279.631124,20200217
2305,3556.798217,976.9599751,4596.238193,1191.63125,20200217
2307,3124.461115,826.3442322,4084.77733,1043.866998,20200217
2308,3117.882449,916.207864,3954.964898,1127.267085,20200217
2309,3617.046053,1035.708882,4633.797851,1268.86308,20200217
2310,3198.321999,846.3642961,3975.001569,1004.004941,20200217
2312,2666.857706,729.2437223,3439.167778,892.3674657,20200217
2313,3263.792738,959.2431368,3572.837952,984.7308023,20200217
2302,3720.071002,1057.308967,4896.430799,1339.187742,20200218
2304,3608.198842,1031.391789,4938.10092,1328.893626,20200218
2307,3164.373816,892.9084937,4115.087268,1107.187116,20200218
2310,3168.608119,875.5635874,3944.592017,1039.421287,20200218
2313,3239.85234,976.6817188,3559.601708,1000.217455,20200218
2301,2872.599094,832.5580984,3873.949378,1091.27471,20200218
2303,3080.922238,930.1052492,3960.824947,1178.665073,20200218
2305,3562.760324,1021.977589,4638.421293,1257.527625,20200218
2306,4207.789634,1192.671341,4393.397482,1179.790973,20200218
2308,3096.814406,952.2150604,3920.475823,1162.619593,20200218
2309,3541.359474,1041.902111,4558.814459,1279.733664,20200218
2311,3337.337713,912.486576,3975.336888,1053.563251,20200218
2312,2648.537894,752.7790354,3428.78201,922.9984404,20200218
2302,3749.055361,1039.382304,4933.97895,1307.443667,20200219
2304,3642.923473,1029.817792,4964.730349,1319.94893,20200219
2306,4242.075564,1208.633455,4415.0993,1193.643862,20200219
2308,3137.756088,957.1499898,3967.588789,1168.006596,20200219
2310,3176.911954,876.0153304,3951.506502,1038.619117,20200219
2313,3274.822571,967.998141,3596.836479,987.8227808,20200219
2301,2896.125121,840.6958465,3900.671371,1094.943815,20200219
2303,3150.349305,961.6831104,4041.316934,1211.26024,20200219
2305,3594.036515,1013.06556,4709.051733,1264.578056,20200219
2307,3282.873758,918.9489531,4245.586332,1130.92893,20200219
2309,3556.580362,1028.055403,4605.33093,1273.758292,20200219
2311,3362.032612,916.9931342,4003.334498,1056.068651,20200219
2312,2643.49336,749.2124939,3436.677327,921.5098333,20200219
2301,2909.155761,851.9931928,3916.916366,1111.966362,20200220
2303,3115.072487,940.1035401,3983.247918,1182.280109,20200220
2305,3543.642516,982.2146564,4611.35469,1207.517415,20200220
2308,3189.903259,976.9495798,4028.750218,1199.473209,20200220
2311,3368.238084,915.1781918,4008.626327,1059.92205,20200220
2313,3194.757355,946.5736629,3552.256155,978.2377901,20200220
2302,3758.824119,1034.369975,4932.194908,1298.856859,20200220
2304,3671.814839,1041.740431,4992.18504,1330.709653,20200220
2306,4228.55349,1185.371533,4399.875028,1170.762935,20200220
2307,3245.421689,908.3449067,4181.50498,1109.494896,20200220
2309,3531.110379,1006.260846,4569.714214,1253.885224,20200220
2310,3195.484874,866.0002072,3963.972232,1023.617484,20200220
2312,2668.670276,747.9128937,3468.313049,919.9104072,20200220
2311,3341.988681,879.0804939,3990.234818,1022.718604,20200221
2301,2871.321909,802.2644521,3888.685292,1053.72141,20200221
2303,3056.121575,910.9328722,3945.050831,1155.662044,20200221
2305,3547.533513,976.0182611,4602.088439,1198.636334,20200221
2308,3202.989959,976.9655738,4056.620694,1208.630083,20200221
2310,3199.715528,859.8250518,3973.095682,1020.14015,20200221
2312,2673.852071,743.6469428,3455.405098,913.0448327,20200221
2313,3231.662146,912.397631,3577.726532,947.6604003,20200221
2302,3682.724873,988.4335344,4879.211339,1263.400677,20200221
2304,3677.854569,1035.668061,5016.080099,1333.452424,20200221
2306,4205.769512,1161.608537,4370.436565,1153.170252,20200221
2307,3197.954128,892.4828746,4137.148709,1109.878182,20200221
2309,3518.708333,975.9783443,4561.2639,1219.317604,20200221
2301,2852.120878,773.0003925,3898.710091,1030.656096,20200222
2303,3018.721182,864.2270831,3929.392416,1122.345975,20200222
2305,3459.582278,922.9433492,4510.298186,1153.460543,20200222
2307,3126.8316,829.2970327,4076.885557,1055.580739,20200222
2309,3535.501783,979.3802469,4575.409986,1224.113262,20200222
2312,2671.820778,726.8345643,3469.431112,902.5258686,20200222
2313,3171.484333,879.9190102,3528.729256,934.5258732,20200222
2302,3698.839636,985.6443116,4881.71847,1257.198154,20200222
2304,3644.251502,994.9595667,5019.457183,1304.903692,20200222
2306,4178.405669,1124.058824,4388.207986,1141.051636,20200222
2308,3156.017634,939.2462579,4004.637341,1161.668203,20200222
2310,3162.336168,832.4944007,3920.142339,985.4513847,20200222
2311,3360.941621,886.3025412,3998.560525,1027.737694,20200222
2301,2867.207974,838.0850954,3888.495704,1101.195792,20200223
2305,3520.742063,1001.646192,4540.185291,1228.041997,20200223
2307,3167.925394,890.6511237,4085.132652,1100.120007,20200223
2309,3606.480669,1059.516315,4660.491541,1316.638686,20200223
2311,3327.721199,920.6099989,3958.664527,1062.269798,20200223
2313,3143.093032,918.5687088,3475.554236,955.123351,20200223
2302,3664.026346,1023.876461,4841.466535,1303.161547,20200223
2303,3092.805799,936.6265851,3990.536512,1198.117215,20200223
2304,3702.752335,1067.988621,5020.378349,1370.501309,20200223
2306,4205.9936,1177.424261,4361.128174,1170.265061,20200223
2308,3166.171072,994.6754763,3982.686139,1213.874183,20200223
2310,3165.76456,871.3587565,3923.841383,1027.695855,20200223
2312,2646.228726,747.5735366,3438.747994,929.023768,20200223
2302,3755.496525,1082.40902,4932.039176,1370.723569,20200224
2304,3806.710975,1129.678575,5120.104288,1445.832989,20200224
2306,4275.541908,1227.391954,4417.01081,1223.978318,20200224
2308,3257.108424,1050.469154,4089.947025,1287.231757,20200224
2309,3691.971209,1115.038662,4743.987131,1374.390464,20200224
2310,3220.274027,923.0470174,3965.808044,1081.060722,20200224
2312,2772.033465,842.8518701,3569.629762,1054.194539,20200224
2301,2982.124164,897.6611758,4001.580694,1180.282138,20200224
2303,3200.695564,1039.139998,4112.914757,1350.755475,20200224
2305,3600.731839,1066.896015,4595.956606,1302.800191,20200224
2307,3215.825436,943.7572608,4118.308189,1151.785351,20200224
2311,3381.363356,940.0196347,4015.106601,1091.171539,20200224
2313,3289.614887,987.9044272,3574.891259,1013.140141,20200224
2301,3012.009716,895.9728732,4004.124863,1148.845976,20200225
2303,3268.100808,1034.31104,4136.790332,1298.524053,20200225
2306,4317.786346,1226.885096,4442.945249,1198.293698,20200225
2308,3388.897562,1047.051629,4219.910973,1272.956121,20200225
2311,3406.424966,945.7503426,4021.027497,1075.419255,20200225
2313,3341.262977,992.8648035,3611.320307,1001.891885,20200225
2302,3765.427402,1057.005493,4913.366334,1313.559947,20200225
2304,3962.341265,1181.275134,5255.710425,1481.001192,20200225
2305,3681.016189,1086.464093,4644.622221,1283.569497,20200225
2307,3282.48289,934.4599756,4168.438681,1119.812357,20200225
2309,3728.462993,1101.794134,4752.420278,1339.778516,20200225
2310,3244.791001,892.4416338,3969.958037,1031.6927,20200225
2312,2783.554899,803.7001477,3571.391354,992.0864288,20200225
2313,3358.079327,996.3948111,3638.070452,1006.515182,20200226
2301,3021.314213,898.6039849,4015.462804,1153.575106,20200226
2303,3301.8127,1053.377268,4171.045892,1323.774059,20200226
2306,4325.762268,1238.68089,4450.923851,1210.050538,20200226
2308,3377.37154,1086.494976,4197.801026,1321.674716,20200226
2311,3427.817164,963.5805051,4034.153099,1096.140931,20200226
2302,3753.910845,1057.854733,4901.986498,1313.353747,20200226
2304,4025.649066,1225.015991,5313.070206,1530.799944,20200226
2305,3716.86906,1090.269766,4667.897511,1287.174097,20200226
2307,3280.453962,955.1481142,4150.621938,1150.427875,20200226
2309,3725.514936,1103.378186,4751.88931,1342.753718,20200226
2310,3320.568766,933.3767606,4047.08608,1078.985014,20200226
2312,2759.217841,804.4381469,3547.963575,987.5374318,20200226
2303,3314.696972,1036.650448,4191.452549,1307.853567,20200227
2306,4367.979592,1237.498325,4489.996152,1220.317072,20200227
2311,3474.647517,963.4864958,4071.116315,1090.374946,20200227
2313,3383.580449,995.7547827,3653.642081,1008.8731,20200227
2301,3053.647385,894.1928153,4050.439551,1150.482257,20200227
2302,3786.907596,1061.250741,4929.291311,1317.850373,20200227
2304,4089.228789,1224.812399,5374.198808,1530.011351,20200227
2305,3736.382078,1084.595727,4673.929125,1277.917211,20200227
2307,3313.699633,933.4894528,4189.762333,1116.500852,20200227
2308,3407.671584,1094.2311,4220.93367,1344.341195,20200227
2309,3714.355227,1099.179256,4692.17569,1320.278547,20200227
2310,3333.748188,928.6311866,4048.41278,1067.924712,20200227
2312,2835.6015,797.1475,3601.080279,971.0732432,20200227
2301,3022.717114,888.433195,4034.700802,1146.998452,20200228
2303,3266.580375,1057.337337,4127.258544,1331.786903,20200228
2306,4350.431971,1256.083588,4482.333314,1237.458727,20200228
2309,3710.224451,1101.638736,4662.918531,1314.051461,20200228
2310,3302.163215,914.496686,4005.892769,1048.444558,20200228
2312,2841.2325,813.372,3607.789775,988.7578948,20200228
2302,3716.167799,1028.606419,4875.418502,1296.248756,20200228
2304,4067.943437,1247.4978,5319.408637,1551.231664,20200228
2305,3740.713782,1122.587588,4666.104128,1316.866028,20200228
2307,3345.11033,975.3919621,4231.21401,1165.492019,20200228
2308,3397.548585,1107.733087,4211.828081,1366.63982,20200228
2311,3403.762384,950.2380734,4001.68415,1076.46123,20200228
2313,3295.082462,966.8801504,3596.644375,991.8884235,20200228
2302,3759.782484,1090.454997,4918.122624,1380.980194,20200229
2304,3970.379495,1211.3343,5235.445591,1521.82935,20200229
2306,4296.638617,1235.025092,4464.62795,1248.91814,20200229
2308,3404.428542,1116.18413,4238.014556,1377.371673,20200229
2311,3408.848251,941.4240681,3995.100103,1079.700513,20200229
2313,3283.923923,978.7708287,3607.129483,1021.402414,20200229
2301,2979.163889,873.7647471,4010.17609,1155.437846,20200229
2303,3180.9744,1007.607467,4068.61491,1292.758438,20200229
2305,3658.296989,1092.155763,4622.312969,1313.220047,20200229
2307,3258.710554,968.5744616,4175.668521,1194.21371,20200229
2309,3659.726923,1107.515934,4627.30105,1346.989792,20200229
2310,3295.286987,951.1746788,4007.512843,1106.545331,20200229
2312,2800.446777,813.6251874,3560.050128,993.0289408,20200229
2301,3042.442826,907.2410411,4051.020716,1178.466579,20200301
2303,3270.553917,1039.13164,4152.750552,1315.59447,20200301
2304,4103.80129,1265.741537,5329.8926,1569.459107,20200301
2307,3338.180373,981.3127484,4226.298363,1179.900876,20200301
2308,3477.107355,1168.791641,4304.133395,1436.701573,20200301
2310,3326.671429,953.1339545,4028.295697,1094.839703,20200301
2312,2819.937562,809.3711289,3590.203746,989.3202071,20200301
2313,3328.917712,1007.038187,3628.391,1033.025116,20200301
2302,3815.079443,1135.226348,4966.226991,1422.778635,20200301
2305,3807.654142,1158.864646,4746.204179,1366.905014,20200301
2306,4375.677093,1254.279362,4522.355167,1246.253977,20200301
2309,3719.671888,1130.183567,4650.302404,1347.736965,20200301
2311,3504.988277,1019.165728,4067.783483,1148.754259,20200301
2302,3890.071556,1160.077541,5048.518027,1446.365213,20200302
2304,4197.316497,1300.735196,5434.407973,1607.777965,20200302
2306,4500.973571,1331.66472,4618.215319,1332.450668,20200302
2308,3512.198034,1183.810158,4344.46978,1464.215063,20200302
2312,2891.396905,861.2256615,3655.642169,1053.099273,20200302
2301,3864.696232,996.6731628,5075.633169,1289.732475,20200302
2303,3359.494369,1095.287576,4265.889867,1405.060211,20200302
2305,3835.437137,1186.495021,4742.399829,1388.307156,20200302
2307,3379.295034,1023.093354,4262.358613,1232.242488,20200302
2309,3749.598518,1155.886114,4684.963816,1367.735864,20200302
2310,3353.102299,971.0229861,4046.749954,1111.933264,20200302
2311,3536.575218,1039.600138,4091.351488,1173.48669,20200302
2313,3497.286859,1090.072253,3750.195436,1102.810732,20200302
5961.149885900181,1745.3002726052757,20200125
2311,4280.9163055872295,1318.6275940706955,4741.517760802495,1448.5004992078877,20200125
2312,3452.5157790927024,1029.8565088757396,4246.478684532966,1243.961612238861,20200125
2303,3872.8089380530973,1302.8719469026548,4816.057043388995,1616.0378951491691,20200125
2313,3766.5725974739153,1276.3394838001097,3877.3066515714154,1321.4232841725568,20200125
2302,4958.124577317374,1563.9103644463528,5929.207626775749,1817.785968091627,20200125
2305,4608.730194939859,1592.222521775197,5363.72882401315,1771.3415248457634,20200125
2307,4284.350320415014,1467.7000305157155,5180.228694564818,1754.036530804766,20200125
2310,4259.421586906981,1456.014294592915,4829.196825380179,1541.705468434622,20200127
2305,4540.131382316314,1696.288501452885,5335.166716851813,1892.8870734976024,20200127
2303,3773.984585400425,1334.479712969525,4555.203547394575,1619.0321283235203,20200127
2309,4869.528575411207,1672.434067465849,5789.515672706225,1841.8762249947717,20200127
2301,5037.946327799976,1778.8431849075257,6333.102875504229,2233.086209502838,20200127
2307,4452.229408175717,1664.7647956070775,5264.628412904029,1937.1578593110598,20200127
2312,3381.8176877470355,1047.4061264822135,4111.838620107758,1252.9983249999118,20200127
2302,4982.233419605306,1714.5335921492506,5873.3190294026645,1925.428956669862,20200127
2304,4548.334971066711,1619.8353532044982,5800.14711036153,1971.3165872043128,20200127
2308,4007.094358974359,1432.2418461538462,4984.623411120055,1768.2062866000608,20200127
2311,4504.822899505766,1616.5570722522946,4807.854899566582,1726.7476485034342,20200127
2306,5281.77876376989,1878.234088127295,5319.400031539889,1842.6628234384234,20200127
2313,3876.5592828860536,1455.8538275406952,3990.0173852650005,1519.7586857838603,20200127
2304,4263.627630574638,1346.5249154944936,5603.791181364204,1679.2301037897885,20200130
2302,4633.982203526937,1447.0684355282317,5697.198195098564,1697.203933833296,20200130
2308,3524.5112843660236,1149.1840377513336,4408.030675362443,1399.3865931464375,20200130
2306,4956.558175137783,1554.0768524188609,5134.332559906445,1532.507163133382,20200130
2312,3075.1979269496546,903.8351431391906,3782.212564927284,1072.3775268936215,20200130
2310,4129.803231151615,1313.8055095277548,4788.642766436677,1431.2277086518159,20200130
2301,4792.903936067229,1509.7424357891703,6164.414522354087,1912.7564897548477,20200130
2303,3647.4267340784104,1174.690083377683,4529.983750251173,1470.8828059263774,20200130
2313,3535.689469342865,1137.7988452020895,3777.949591969556,1192.009302706385,20200130
2309,4587.726004464285,1464.3256138392858,5528.280968408087,1644.2016599236592,20200130
2305,4296.865504358655,1428.1737235367373,5218.345493274935,1644.240674702357,20200130
2307,3890.330331247138,1255.4683254464967,4798.54375964988,1486.5196916443435,20200130
2311,4189.945570216777,1348.5997879359095,4631.257346923946,1488.7963246087975,20200130
2301,4631.161935975924,1500.8388885453382,6037.938244304485,1919.5656589077362,20200201
2304,4008.4803321678323,1268.1799606643356,5361.596877351472,1604.8043152187602,20200201
2305,4090.324408468244,1388.3339559983397,5045.405277380994,1618.9259779421016,20200201
2306,4803.800551470588,1531.091605392157,5028.246363229001,1524.4117924607037,20200201
2307,3679.313740458015,1170.9836641221375,4624.096008840161,1413.7261888304422,20200201
2308,3440.533962651344,1124.1430330391956,4345.1702888894715,1374.6815061841376,20200201
2309,4332.504182933631,1394.1517010596765,5305.563135758292,1616.4596134610158,20200201
2310,3850.220173985087,1230.9552609776306,4570.751037567276,1389.6233581566119,20200201
2312,2930.6636993076163,882.2195845697329,3660.14463544565,1062.3979610057545,20200201
2302,4483.908522114348,1408.0120819848976,5663.707671297524,1714.5353982618324,20200201
2303,3383.522505759348,1107.9842282473862,4236.917470032093,1396.9421763966095,20200201
2311,3997.727476151219,1237.9979978801084,4484.280842118437,1378.3948872918124,20200201
2313,3426.867692981976,1132.6944611844629,3713.031438596331,1185.2394273468603,20200201
2303,3071.7548645046645,934.8999555752998,3900.0405252159967,1176.1026263765752,20200204
2312,2600.8013833992095,809.4619565217391,3303.506314125711,1043.2154607580121,20200204
2306,4167.968433956482,1227.3181121667178,4466.512702506448,1346.5146183641882,20200204
2310,3371.3428630619433,1023.3211104205511,4108.314410249812,1240.6161742757636,20200204
2308,3291.435166187936,952.2377923676652,4186.365939284091,1212.57249959008,20200204
2301,4319.444077725979,1282.182577664095,5694.254911801491,1687.219134894686,20200204
2311,3367.4794908062236,1024.710867515323,3901.4760749119973,1183.7053519262838,20200204
2304,3707.1325736824806,1114.477922647091,4998.749363362749,1507.2482423558301,20200204
2302,4019.376490906147,1196.6706783960278,5167.681675862906,1541.434493420174,20200204
2305,3635.201577745485,1082.8864438447167,4534.763098762614,1363.3939569213765,20200204
2307,3175.2465648854964,949.9229007633588,4133.265745234931,1230.6347800391338,20200204
null,4055.885071682231,1209.8343548599237,6190.153380566664,1860.0592889500538,20200204
2309,3935.7900167317343,1188.0298382598996,4875.468612278693,1456.5240682363371,20200204
2313,3176.557333041144,951.3428477510546,3481.733374253525,1026.1948634617909,20200204
2302,3759.5659293460753,1001.9979598410823,4970.941019108854,1283.871992712414,20200206
2313,3032.336029733275,865.3254263226935,3433.5614588909375,926.5557505851892,20200206
2307,3154.0465862226974,833.9680769818237,4155.703843603417,1064.8227197610574,20200206
2308,3130.6109746109746,939.4946764946765,4052.682409553592,1190.0302307997729,20200206
2312,2650.8064992614477,700.73756770064,3448.5652330919165,864.704234212761,20200206
2304,3517.73014682242,956.7619762083378,4903.193718282001,1269.3625005877213,20200206
2305,3445.055636288146,941.0010379904505,4468.40573411466,1163.259938024101,20200206
2311,3318.21916867056,856.0200389327837,3971.535142703624,999.1440135527495,20200206
2303,2965.3191527076133,854.9321988832758,3841.563547210682,1092.0229680840148,20200206
2301,3926.2620061412485,1083.3246878198568,5340.474767760701,1421.4422398143672,20200206
2306,4220.699236641221,1142.2567938931297,4629.782858566947,1176.6280821377743,20200206
2310,3300.998549823907,876.1999171327947,4122.220396070891,1045.5893228833243,20200206
2309,3699.088170865279,1064.1549835706462,4770.06108367095,1307.230390620533,20200206
2309,3799.7827992330867,1132.608052588332,4878.41138489844,1401.888434478091,20200208
2310,3296.248653128885,923.77807708247,4099.66686181612,1103.1011232570986,20200208
2311,3388.324114285714,901.0090285714285,4008.8943866473696,1048.4774345571905,20200208
2303,2954.7308784383317,869.5680567879326,3828.4274375995283,1112.8328987105692,20200208
2313,3045.986724213287,902.5756118881119,3425.3775529787863,966.6892597751671,20200208
2304,3502.884211653813,969.3495072836332,4880.4910461034615,1288.4014871500997,20200208
2306,4208.097985347986,1182.006105006105,4574.804666444827,1224.230769656688,20200208
2308,3091.6691898527006,927.0779459901801,3991.5095243727974,1166.6647803714313,20200208
2305,3449.817786069652,962.235903814262,4512.879486503992,1198.509222169917,20200208
2301,3926.8507269856245,1122.4027438836822,5317.937952586535,1472.597854550316,20200208
2302,3757.2837344220025,1029.5755264288784,4946.142201607155,1318.8653926893444,20200208
2312,2653.015748031496,722.6638779527559,3461.2773175582647,895.1281699643363,20200208
2307,3191.528558338424,880.4405925473427,4203.708235194634,1128.9246486064924,20200208
2305,3396.286989001868,931.4168914712596,4423.311472303466,1150.712037879224,20200210
2309,3670.803395399781,1084.0761226725083,4665.5896369206985,1322.1003348498773,20200210
2313,3051.9329727958047,910.4818092428712,3392.8064232731335,949.3368943494979,20200210
2303,3017.8792416053866,885.3104456454328,3933.298313790675,1149.5162548270016,20200210
2306,4174.364135407136,1126.7029582189691,4489.498329383151,1148.3824903816226,20200210
2307,3128.658171829696,839.0692812452312,4128.578336444945,1066.3798295512936,20200210
2301,3837.5975824626103,1109.3024994878099,5182.216724379751,1448.3613799465284,20200210
2311,3280.3263880938753,861.7879793932456,3914.7304748066367,1000.9287604214352,20200210
2312,2584.8729064039408,690.448275862069,3382.655581617381,852.6664517069295,20200210
2304,3456.371786632391,949.0578406169666,4796.4916531481485,1246.5505259169759,20200210
2302,3669.742788074134,985.4709642761214,4827.766118740491,1248.486629197653,20200210
2310,3191.7197346600333,869.7885572139304,3974.8781674822385,1032.039095438013,20200210
2308,2982.8178469095374,898.752762996316,3851.6578723868665,1126.1677953404242,20200210
2301,4075.7042455242968,1172.578168797954,5535.024150383379,1544.514895607708,20200212
2303,3030.1451727192207,912.1011514614703,3948.7253951758676,1167.3928831845444,20200212
2308,3036.9184049079754,911.8233128834356,3896.2182514160313,1136.7517054956666,20200212
2309,3727.4505072662464,1110.7400603235535,4748.858442330805,1344.5352129036703,20200212
2313,3160.3467936091047,930.8204202232436,3495.316183618254,962.0524351480783,20200212
2305,3583.324200913242,1017.4966791199668,4698.30813479852,1277.5391164066648,20200212
2306,4222.272034156755,1187.2070753278438,4448.069742149895,1187.323989093332,20200212
2312,2540.134842519685,696.3735236220473,3322.789155243426,857.6579494275817,20200212
2304,3512.5824046292328,982.1529147021002,4867.831070053534,1288.3911638653494,20200212
2302,3626.5826572825445,995.0585074947617,4778.347312980571,1258.0367788763594,20200212
2307,3157.1422459893047,893.1928189457601,4152.448634053418,1127.2720619732838,20200212
2310,3157.1409034397016,878.8184832159138,3962.3862644706483,1054.418343396425,20200212
2311,3286.2155044085653,880.1577922821482,3934.188016006652,1023.0533780911469,20200212
2311,3337.8176719697835,891.512418450269,3992.2769968829907,1041.6368709034466,20200214
2310,3220.9067743940336,880.2067536772322,4025.1216005639367,1050.287877675099,20200214
2312,2635.446138711264,721.494343334973,3441.852929451594,889.0803801531752,20200214
2304,3583.170062191722,996.5434269783401,4933.030309750417,1299.6601923920807,20200214
2305,3628.8899958489,1010.4151100041511,4769.489497283167,1262.116825344534,20200214
2307,3242.9547884527265,902.6164655567435,4248.066008224961,1134.6422326764762,20200214
2309,3778.0575342465754,1116.4630136986302,4806.043537558621,1355.4590000021426,20200214
2306,4256.1846997866505,1198.8722950320025,4482.775339486377,1206.1110018162128,20200214
2301,3626.0586809122665,1152.4350523936716,4941.114357892236,1522.1749890576068,20200214
2302,3791.49475947326,1041.136468691212,4998.194692741443,1326.2028830840945,20200214
2303,3122.5354895879486,922.8091271599468,4039.7400748234254,1176.9310446307702,20200214
2313,3207.485213581599,935.7467688937569,3560.8006585383405,977.0402501644274,20200214
2308,3084.485474631751,922.9124386252046,3955.6885732547103,1141.073662664233,20200214
2302,3743.078101483552,1003.9658138034831,4936.74473926907,1280.0234241470612,20200216
2305,3537.271727857291,956.6818087533707,4623.853951686736,1186.529853268554,20200216
2308,3070.5750511247443,887.1828220858896,3909.0556088078083,1089.6373553467624,20200216
2311,3335.937257142857,861.1749714285714,3994.3343707027857,1003.3299477877935,20200216
2313,3134.518542829012,888.6318783502899,3502.892886039366,935.3778946180753,20200216
2301,2838.0566162084233,775.4563690660076,3870.4466232889727,1027.8600763793274,20200216
2303,2967.2235137533276,831.8534161490683,3861.064844961571,1061.9082912260253,20200216
2304,3564.1011368511367,958.3850278850279,4926.008148058108,1250.6442426356496,20200216
2306,4190.8048185422385,1135.7282708142727,4416.068861765219,1130.3270339538399,20200216
2307,3149.8528198074277,835.104233532019,4129.24832472327,1049.9110232755277,20200216
2309,3599.6609100877195,1005.2543859649123,4623.9470834889735,1245.9650448840323,20200216
2310,3179.2348186528498,832.2770984455958,3972.4013714041757,993.9367874854868,20200216
2312,2623.2140748031497,691.3553149606299,3415.0641364463504,856.0159265269625,20200216
2302,3720.0710020977895,1057.3089667043193,4896.430799025487,1339.1877419751227,20200218
2304,3608.1988423196485,1031.3917890449138,4938.1009200237195,1328.8936259768368,20200218
2307,3164.373816070883,892.9084937366331,4115.087268238335,1107.1871157239582,20200218
2310,3168.6081193040595,875.5635874067937,3944.5920174915036,1039.421286539329,20200218
2313,3239.8523398206867,976.681718784168,3559.601708400158,1000.2174546250232,20200218
2301,2872.5990944638816,832.5580983741511,3873.9493775045908,1091.2747104139155,20200218
2303,3080.922237985458,930.1052491576521,3960.8249466838324,1178.6650731564735,20200218
2305,3562.760323718614,1021.9775887113509,4638.421293445817,1257.5276251725554,20200218
2306,4207.789634146341,1192.6713414634146,4393.397482296989,1179.7909728187203,20200218
2308,3096.8144055657867,952.2150603642316,3920.4758225230644,1162.6195932438727,20200218
2309,3541.3594735398956,1041.9021113243762,4558.81445900754,1279.7336641583192,20200218
2311,3337.337712784188,912.4865760310751,3975.336888014849,1053.5632512356542,20200218
2312,2648.537893700787,752.7790354330708,3428.782009897788,922.998440387699,20200218
2301,2909.1557613762943,851.9931927884813,3916.9163663114336,1111.966362243869,20200220
2303,3115.0724869133173,940.1035400585573,3983.247918461624,1182.2801094220501,20200220
2305,3543.642516088852,982.2146564251609,4611.35469021555,1207.517415058584,20200220
2308,3189.9032588645214,976.9495798319327,4028.7502181466753,1199.473209130293,20200220
2311,3368.2380843524975,915.1781917933478,4008.626327482181,1059.9220500692475,20200220
2313,3194.7573553538227,946.573662911517,3552.2561550230803,978.2377900687692,20200220
2302,3758.824118978338,1034.3699752128462,4932.194908383716,1298.856859382721,20200220
2304,3671.814838640506,1041.7404310067545,4992.185039838506,1330.7096526875878,20200220
2306,4228.553489789699,1185.3715330691862,4399.875028387277,1170.7629353059178,20200220
2307,3245.4216885897827,908.3449066992964,4181.504979502871,1109.4948964472478,20200220
2309,3531.1103789126855,1006.2608456891818,4569.71421358679,1253.8852241984096,20200220
2310,3195.484873601326,866.0002072109407,3963.972232104969,1023.6174842393864,20200220
2312,2668.6702755905512,747.9128937007874,3468.31304860055,919.9104071999063,20200220
2302,3755.4965245972303,1082.4090198825368,4932.039175685179,1370.7235685037622,20200224
2304,3806.7109752172514,1129.6785752601652,5120.104288472343,1445.832989481854,20200224
2306,4275.541907954892,1227.3919536726607,4417.010810491213,1223.9783179751942,20200224
2308,3257.108423857348,1050.4691535150646,4089.9470250966206,1287.231756610281,20200224
2309,3691.9712092130517,1115.038661913902,4743.987130537104,1374.3904644480565,20200224
2310,3220.2740265120133,923.0470173985087,3965.8080440309836,1081.0607223861816,20200224
2312,2772.033464566929,842.8518700787401,3569.629762262209,1054.1945385948438,20200224
2301,2982.124163983156,897.6611757906036,4001.5806944364167,1180.2821377742598,20200224
2303,3200.6955636234834,1039.1399982289913,4112.914756812686,1350.755474950686,20200224
2305,3600.7318389373186,1066.8960149439602,4595.956606202577,1302.8001913195194,20200224
2307,3215.8254356465914,943.757260776521,4118.308189020154,1151.7853505813641,20200224
2311,3381.3633561643837,940.0196347031964,4015.1066013705736,1091.1715388700572,20200224
2313,3289.6148865522964,987.9044272274488,3574.891258743766,1013.1401408436549,20200224
2313,3358.0793273220115,996.3948110859103,3638.070451848779,1006.515182110017,20200226
2301,3021.314213229379,898.6039849019244,4015.462804481235,1153.5751062777374,20200226
2303,3301.8127001067237,1053.3772678762007,4171.0458916309335,1323.7740585387935,20200226
2306,4325.762267601341,1238.6808899725693,4450.923850916703,1210.0505382243066,20200226
2308,3377.3715398810746,1086.4949764199303,4197.80102610171,1321.6747161018416,20200226
2311,3427.817163752714,963.5805050851332,4034.153099499066,1096.1409310899166,20200226
2302,3753.9108451918933,1057.8547326433807,4901.986498155768,1313.3537471251084,20200226
2304,4025.6490663232453,1225.0159905559133,5313.07020605118,1530.799943953195,20200226
2305,3716.8690599709485,1090.2697655115169,4667.897510571587,1287.174097048348,20200226
2307,3280.453962437013,955.1481142159108,4150.621938384197,1150.427875039509,20200226
2309,3725.514935598794,1103.3781858043299,4751.8893096699385,1342.7537180367865,20200226
2310,3320.5687655343827,933.3767605633802,4047.086080374039,1078.9850144880395,20200226
2312,2759.2178413011334,804.4381468703795,3547.9635747433126,987.5374317696003,20200226
2301,3022.7171135467624,888.4331950378764,4034.7008021364054,1146.9984518843116,20200228
2303,3266.5803754114404,1057.3373365358955,4127.258544107187,1331.7869030079705,20200228
2306,4350.43197071385,1256.0835875533862,4482.333314280404,1237.458727483893,20200228
2309,3710.2244505494505,1101.6387362637363,4662.918530831458,1314.0514612602358,20200228
2310,3302.1632145816075,914.496685998343,4005.892769324486,1048.4445579441185,20200228
2312,2841.2325,813.372,3607.7897752562785,988.7578948438289,20200228
2302,3716.167799352751,1028.6064185544767,4875.418502485549,1296.2487558555142,20200228
2304,4067.9434367285608,1247.4977997209403,5319.4086372447155,1551.2316644683658,20200228
2305,3740.7137816521376,1122.587588210876,4666.10412784608,1316.8660281365542,20200228
2307,3345.11033007335,975.3919621026895,4231.214010445652,1165.4920187302446,20200228
2308,3397.548585485855,1107.7330873308733,4211.828080954257,1366.6398199204916,20200228
2311,3403.7623841665713,950.238073446974,4001.6841495945887,1076.4612302269902,20200228
2313,3295.082462253194,966.8801504341574,3596.6443749579157,991.8884235264236,20200228
2302,3759.782484351392,1090.454996762357,4918.122624233711,1380.9801938029314,20200229
2304,3970.3794954374666,1211.3342995169082,5235.445591057931,1521.8293500911498,20200229
2306,4296.638616891065,1235.0250917992655,4464.627949530104,1248.9181399027862,20200229
2308,3404.4285421365594,1116.1841295878614,4238.014556081337,1377.371672552227,20200229
2311,3408.8482512655314,941.4240681086056,3995.1001034390015,1079.7005129918325,20200229
2313,3283.9239226519335,978.7708287292818,3607.1294827337033,1021.4024144439398,20200229
2301,2979.1638891180596,873.7647471330748,4010.1760900486784,1155.437845518558,20200229
2303,3180.9744,1007.6074666666667,4068.6149100496073,1292.7584378829565,20200229
2305,3658.2969885773623,1092.1557632398753,4622.312968939448,1313.2200472336694,20200229
2307,3258.710554452421,968.574461585459,4175.6685212774855,1194.213710310805,20200229
2309,3659.726923076923,1107.515934065934,4627.301049580735,1346.9897915898264,20200229
2310,3295.2869871529215,951.1746788230419,4007.5128426374927,1106.5453309119252,20200229
2312,2800.446776611694,813.6251874062968,3560.0501275734077,993.0289407699426,20200229
2302,3890.0715556753844,1160.0775411162037,5048.518026628728,1446.3652125937797,20200302
2304,4197.316496507254,1300.7351961311124,5434.407973066023,1607.7779654519218,20200302
2306,4500.973570989551,1331.6647203441917,4618.215318524083,1332.450667591186,20200302
2308,3512.1980339954944,1183.8101576899446,4344.4697800506,1464.2150632985758,20200302
2312,2891.3969046430357,861.2256615077384,3655.642168652801,1053.0992725682008,20200302
2301,3864.696231967567,996.6731628012266,5075.633169270939,1289.7324752918953,20200302
2303,3359.4943690697883,1095.2875764831072,4265.889867153763,1405.06021138057,20200302
2305,3835.4371369294604,1186.495020746888,4742.399829050621,1388.3071558930458,20200302
2307,3379.2950343773873,1023.0933537051184,4262.358613482623,1232.242487766562,20200302
2309,3749.598518111965,1155.8861141602636,4684.963816277896,1367.7358641201076,20200302
2310,3353.102298612549,971.0229861254918,4046.749953999834,1111.933263561778,20200302
2311,3536.57521819017,1039.600137804318,4091.3514881124806,1173.4866896381504,20200302
2313,3497.286858531735,1090.0722532176987,3750.1954358938383,1102.8107324718635,20200302
